DATE,US_EPU_INDEX,KEY_RISK_INDICATOR_ID
1900-01-01,139.90619,101
1900-02-01,121.12039,101
1900-03-01,166.51979,101
1900-04-01,87.03699,101
1900-05-01,89.715352,101
1900-06-01,103.10805,101
1900-07-01,102.41327,101
1900-08-01,99.281354,101
1900-09-01,92.600636,101
1900-10-01,103.01507,101
1900-11-01,95.546746,101
1900-12-01,64.224593,101
1901-01-01,104.35174,101
1901-02-01,82.148786,101
1901-03-01,124.6523,101
1901-04-01,82.402976,101
1901-05-01,86.546687,101
1901-06-01,74.826557,101
1901-07-01,73.201299,101
1901-08-01,79.444272,101
1901-09-01,83.678517,101
1901-10-01,115.47318,101
1901-11-01,94.66475,101
1901-12-01,112.02224,101
1902-01-01,80.282482,101
1902-02-01,78.627546,101
1902-03-01,55.016086,101
1902-04-01,84.912273,101
1902-05-01,65.616471,101
1902-06-01,54.038282,101
1902-07-01,39.298415,101
1902-08-01,48.456306,101
1902-09-01,52.507825,101
1902-10-01,92.371858,101
1902-11-01,92.383934,101
1902-12-01,78.105461,101
1903-01-01,64.413964,101
1903-02-01,73.844285,101
1903-03-01,61.639631,101
1903-04-01,69.287958,101
1903-05-01,49.629601,101
1903-06-01,50.680809,101
1903-07-01,51.208584,101
1903-08-01,63.712969,101
1903-09-01,58.793827,101
1903-10-01,55.443192,101
1903-11-01,57.137105,101
1903-12-01,70.595838,101
1904-01-01,78.077679,101
1904-02-01,77.57004,101
1904-03-01,77.331705,101
1904-04-01,58.723112,101
1904-05-01,71.896731,101
1904-06-01,76.418297,101
1904-07-01,104.23483,101
1904-08-01,63.715695,101
1904-09-01,69.98422,101
1904-10-01,70.024441,101
1904-11-01,64.584926,101
1904-12-01,54.960366,101
1905-01-01,77.148046,101
1905-02-01,75.377165,101
1905-03-01,59.440429,101
1905-04-01,51.65136,101
1905-05-01,59.888568,101
1905-06-01,63.332885,101
1905-07-01,62.316912,101
1905-08-01,78.311791,101
1905-09-01,41.451714,101
1905-10-01,61.382093,101
1905-11-01,89.725279,101
1905-12-01,67.780098,101
1906-01-01,49.470768,101
1906-02-01,83.587613,101
1906-03-01,50.29425,101
1906-04-01,56.534778,101
1906-05-01,53.650515,101
1906-06-01,73.567633,101
1906-07-01,62.777046,101
1906-08-01,55.594091,101
1906-09-01,35.037425,101
1906-10-01,51.174845,101
1906-11-01,60.362371,101
1906-12-01,56.3315,101
1907-01-01,25.74543,101
1907-02-01,43.755667,101
1907-03-01,50.183773,101
1907-04-01,43.281678,101
1907-05-01,52.231292,101
1907-06-01,46.692071,101
1907-07-01,59.453416,101
1907-08-01,52.806111,101
1907-09-01,54.233781,101
1907-10-01,42.457633,101
1907-11-01,46.875471,101
1907-12-01,63.565715,101
1908-01-01,64.227216,101
1908-02-01,66.827839,101
1908-03-01,75.554971,101
1908-04-01,67.46501,101
1908-05-01,64.180282,101
1908-06-01,62.429034,101
1908-07-01,34.748674,101
1908-08-01,43.244932,101
1908-09-01,44.909507,101
1908-10-01,71.205967,101
1908-11-01,57.980591,101
1908-12-01,74.44731,101
1909-01-01,100.4308,101
1909-02-01,102.30044,101
1909-03-01,112.70161,101
1909-04-01,84.106809,101
1909-05-01,74.621857,101
1909-06-01,62.346961,101
1909-07-01,76.759093,101
1909-08-01,79.355665,101
1909-09-01,48.982962,101
1909-10-01,55.31692,101
1909-11-01,48.367329,101
1909-12-01,77.906984,101
1910-01-01,79.911236,101
1910-02-01,83.884254,101
1910-03-01,57.842405,101
1910-04-01,64.6338,101
1910-05-01,62.069531,101
1910-06-01,82.660573,101
1910-07-01,63.359919,101
1910-08-01,42.800385,101
1910-09-01,71.818882,101
1910-10-01,56.070717,101
1910-11-01,86.760945,101
1910-12-01,57.851518,101
1911-01-01,46.559123,101
1911-02-01,77.776296,101
1911-03-01,66.210924,101
1911-04-01,86.719234,101
1911-05-01,74.983545,101
1911-06-01,65.368238,101
1911-07-01,55.897844,101
1911-08-01,71.269881,101
1911-09-01,62.39548,101
1911-10-01,75.979189,101
1911-11-01,67.747641,101
1911-12-01,74.029605,101
1912-01-01,57.020694,101
1912-02-01,72.169872,101
1912-03-01,59.917106,101
1912-04-01,40.402335,101
1912-05-01,35.75909,101
1912-06-01,61.587289,101
1912-07-01,56.048424,101
1912-08-01,57.155205,101
1912-09-01,43.40501,101
1912-10-01,44.154821,101
1912-11-01,95.516445,101
1912-12-01,72.436753,101
1913-01-01,68.707804,101
1913-02-01,78.934781,101
1913-03-01,80.479255,101
1913-04-01,100.68077,101
1913-05-01,78.890404,101
1913-06-01,88.088568,101
1913-07-01,78.659107,101
1913-08-01,80.752262,101
1913-09-01,82.99122,101
1913-10-01,91.995575,101
1913-11-01,100.8319,101
1913-12-01,115.13216,101
1914-01-01,102.75459,101
1914-02-01,73.836743,101
1914-03-01,59.836115,101
1914-04-01,75.954666,101
1914-05-01,62.889375,101
1914-06-01,120.92258,101
1914-07-01,113.56249,101
1914-08-01,167.93691,101
1914-09-01,135.14757,101
1914-10-01,81.647445,101
1914-11-01,110.18187,101
1914-12-01,74.590518,101
1915-01-01,98.924259,101
1915-02-01,117.58582,101
1915-03-01,111.80428,101
1915-04-01,69.894272,101
1915-05-01,102.53114,101
1915-06-01,93.631545,101
1915-07-01,92.434461,101
1915-08-01,125.60238,101
1915-09-01,96.681745,101
1915-10-01,83.710151,101
1915-11-01,88.134502,101
1915-12-01,81.660114,101
1916-01-01,74.101846,101
1916-02-01,89.881971,101
1916-03-01,100.26907,101
1916-04-01,87.149675,101
1916-05-01,83.192882,101
1916-06-01,87.220575,101
1916-07-01,68.746463,101
1916-08-01,91.232117,101
1916-09-01,60.546475,101
1916-10-01,78.609321,101
1916-11-01,67.060381,101
1916-12-01,69.317119,101
1917-01-01,45.764661,101
1917-02-01,88.457369,101
1917-03-01,60.654419,101
1917-04-01,90.786489,101
1917-05-01,58.125088,101
1917-06-01,77.693616,101
1917-07-01,119.24157,101
1917-08-01,107.93906,101
1917-09-01,99.196822,101
1917-10-01,83.214293,101
1917-11-01,88.603171,101
1917-12-01,105.82509,101
1918-01-01,115.80138,101
1918-02-01,122.75621,101
1918-03-01,87.717026,101
1918-04-01,89.734836,101
1918-05-01,113.96063,101
1918-06-01,101.37992,101
1918-07-01,130.36612,101
1918-08-01,83.83832,101
1918-09-01,80.355457,101
1918-10-01,79.394115,101
1918-11-01,170.38886,101
1918-12-01,190.02243,101
1919-01-01,149.58829,101
1919-02-01,132.69228,101
1919-03-01,107.28392,101
1919-04-01,84.652749,101
1919-05-01,98.173174,101
1919-06-01,95.632167,101
1919-07-01,107.82408,101
1919-08-01,100.90606,101
1919-09-01,88.671774,101
1919-10-01,85.012882,101
1919-11-01,95.687954,101
1919-12-01,111.76302,101
1920-01-01,54.078177,101
1920-02-01,66.251501,101
1920-03-01,65.556039,101
1920-04-01,49.134202,101
1920-05-01,52.234737,101
1920-06-01,93.430327,101
1920-07-01,62.129615,101
1920-08-01,82.25347,101
1920-09-01,53.848725,101
1920-10-01,71.994792,101
1920-11-01,50.897637,101
1920-12-01,60.074213,101
1921-01-01,51.590195,101
1921-02-01,49.324855,101
1921-03-01,68.96781,101
1921-04-01,69.655974,101
1921-05-01,70.170895,101
1921-06-01,77.668353,101
1921-07-01,73.961727,101
1921-08-01,101.42926,101
1921-09-01,103.87069,101
1921-10-01,65.596409,101
1921-11-01,55.612924,101
1921-12-01,72.679081,101
1922-01-01,74.333513,101
1922-02-01,72.633622,101
1922-03-01,60.037126,101
1922-04-01,60.355948,101
1922-05-01,58.817786,101
1922-06-01,65.636119,101
1922-07-01,68.232579,101
1922-08-01,65.633489,101
1922-09-01,66.151344,101
1922-10-01,48.912625,101
1922-11-01,57.14484,101
1922-12-01,50.355312,101
1923-01-01,79.209493,101
1923-02-01,57.687669,101
1923-03-01,48.198087,101
1923-04-01,61.305184,101
1923-05-01,64.413824,101
1923-06-01,62.72443,101
1923-07-01,86.376956,101
1923-08-01,66.01487,101
1923-09-01,63.223585,101
1923-10-01,67.124317,101
1923-11-01,62.571902,101
1923-12-01,65.944354,101
1924-01-01,80.489553,101
1924-02-01,60.341968,101
1924-03-01,77.113225,101
1924-04-01,81.899338,101
1924-05-01,123.79964,101
1924-06-01,91.379623,101
1924-07-01,73.271207,101
1924-08-01,85.832275,101
1924-09-01,58.989266,101
1924-10-01,104.74447,101
1924-11-01,100.65839,101
1924-12-01,77.578857,101
1925-01-01,78.596208,101
1925-02-01,47.30826,101
1925-03-01,65.358207,101
1925-04-01,62.050572,101
1925-05-01,65.025457,101
1925-06-01,55.596173,101
1925-07-01,33.300534,101
1925-08-01,58.132349,101
1925-09-01,53.36881,101
1925-10-01,69.76168,101
1925-11-01,66.763229,101
1925-12-01,53.244679,101
1926-01-01,52.516219,101
1926-02-01,54.627222,101
1926-03-01,43.111695,101
1926-04-01,39.027741,101
1926-05-01,59.49649,101
1926-06-01,49.910173,101
1926-07-01,64.707257,101
1926-08-01,66.773949,101
1926-09-01,62.540919,101
1926-10-01,58.721141,101
1926-11-01,84.534878,101
1926-12-01,62.091616,101
1927-01-01,59.184535,101
1927-02-01,50.018694,101
1927-03-01,43.034838,101
1927-04-01,51.702917,101
1927-05-01,52.670052,101
1927-06-01,57.778773,101
1927-07-01,65.683053,101
1927-08-01,54.521168,101
1927-09-01,53.299421,101
1927-10-01,50.892725,101
1927-11-01,49.071592,101
1927-12-01,64.521441,101
1928-01-01,61.208531,101
1928-02-01,49.887643,101
1928-03-01,44.918908,101
1928-04-01,51.79482,101
1928-05-01,41.832087,101
1928-06-01,47.833568,101
1928-07-01,62.907815,101
1928-08-01,75.015402,101
1928-09-01,54.613539,101
1928-10-01,54.076303,101
1928-11-01,61.008884,101
1928-12-01,45.029963,101
1929-01-01,65.440383,101
1929-02-01,90.890506,101
1929-03-01,74.92435,101
1929-04-01,81.877038,101
1929-05-01,68.060655,101
1929-06-01,79.385077,101
1929-07-01,71.428477,101
1929-08-01,65.569182,101
1929-09-01,65.508002,101
1929-10-01,55.104367,101
1929-11-01,59.977153,101
1929-12-01,75.81005,101
1930-01-01,63.719703,101
1930-02-01,78.423216,101
1930-03-01,65.176718,101
1930-04-01,56.556492,101
1930-05-01,52.364491,101
1930-06-01,87.948175,101
1930-07-01,52.835909,101
1930-08-01,59.1083,101
1930-09-01,61.070212,101
1930-10-01,57.407134,101
1930-11-01,77.886907,101
1930-12-01,63.622502,101
1931-01-01,70.564411,101
1931-02-01,71.974292,101
1931-03-01,77.173235,101
1931-04-01,58.744782,101
1931-05-01,69.72014,101
1931-06-01,72.943161,101
1931-07-01,53.063812,101
1931-08-01,72.823097,101
1931-09-01,64.168443,101
1931-10-01,75.622464,101
1931-11-01,60.728001,101
1931-12-01,100.78182,101
1932-01-01,117.84519,101
1932-02-01,100.16491,101
1932-03-01,108.3066,101
1932-04-01,114.7701,101
1932-05-01,190.28506,101
1932-06-01,165.58563,101
1932-07-01,113.46255,101
1932-08-01,74.713797,101
1932-09-01,64.881737,101
1932-10-01,116.12869,101
1932-11-01,174.45634,101
1932-12-01,141.06623,101
1933-01-01,131.82769,101
1933-02-01,119.43471,101
1933-03-01,99.443825,101
1933-04-01,132.79526,101
1933-05-01,112.6013,101
1933-06-01,121.16544,101
1933-07-01,66.618249,101
1933-08-01,80.525707,101
1933-09-01,94.487759,101
1933-10-01,105.74115,101
1933-11-01,129.85967,101
1933-12-01,136.48771,101
1934-01-01,134.86522,101
1934-02-01,101.67915,101
1934-03-01,143.81594,101
1934-04-01,129.27528,101
1934-05-01,154.95524,101
1934-06-01,160.84019,101
1934-07-01,130.16631,101
1934-08-01,126.76835,101
1934-09-01,169.5688,101
1934-10-01,169.45938,101
1934-11-01,125.50659,101
1934-12-01,130.18016,101
1935-01-01,180.55111,101
1935-02-01,182.12685,101
1935-03-01,235.13955,101
1935-04-01,150.29062,101
1935-05-01,211.27811,101
1935-06-01,173.86646,101
1935-07-01,138.33312,101
1935-08-01,127.00142,101
1935-09-01,157.32266,101
1935-10-01,139.11769,101
1935-11-01,109.43264,101
1935-12-01,139.05931,101
1936-01-01,194.16577,101
1936-02-01,127.45202,101
1936-03-01,121.74531,101
1936-04-01,121.05549,101
1936-05-01,151.99957,101
1936-06-01,152.52736,101
1936-07-01,94.561771,101
1936-08-01,103.09709,101
1936-09-01,90.534374,101
1936-10-01,95.133049,101
1936-11-01,92.312293,101
1936-12-01,72.991347,101
1937-01-01,131.3205,101
1937-02-01,94.698015,101
1937-03-01,87.29718,101
1937-04-01,111.24967,101
1937-05-01,99.706534,101
1937-06-01,135.75522,101
1937-07-01,115.51489,101
1937-08-01,121.74901,101
1937-09-01,127.6516,101
1937-10-01,95.193355,101
1937-11-01,176.98934,101
1937-12-01,163.90706,101
1938-01-01,201.80568,101
1938-02-01,139.51976,101
1938-03-01,126.12654,101
1938-04-01,137.31459,101
1938-05-01,140.77485,101
1938-06-01,131.3891,101
1938-07-01,93.913146,101
1938-08-01,107.33711,101
1938-09-01,174.9639,101
1938-10-01,131.23663,101
1938-11-01,108.0187,101
1938-12-01,98.233702,101
1939-01-01,117.27754,101
1939-02-01,112.44357,101
1939-03-01,98.465592,101
1939-04-01,135.25788,101
1939-05-01,126.94541,101
1939-06-01,97.012096,101
1939-07-01,111.34065,101
1939-08-01,115.04525,101
1939-09-01,176.26789,101
1939-10-01,177.34229,101
1939-11-01,121.60173,101
1939-12-01,108.22851,101
1940-01-01,154.60807,101
1940-02-01,113.58857,101
1940-03-01,131.36606,101
1940-04-01,135.11534,101
1940-05-01,141.49616,101
1940-06-01,175.17171,101
1940-07-01,123.62147,101
1940-08-01,164.37321,101
1940-09-01,149.90049,101
1940-10-01,142.43764,101
1940-11-01,110.39939,101
1940-12-01,123.10249,101
1941-01-01,137.09922,101
1941-02-01,129.56192,101
1941-03-01,118.57724,101
1941-04-01,95.024809,101
1941-05-01,97.110186,101
1941-06-01,119.29387,101
1941-07-01,109.49183,101
1941-08-01,104.92664,101
1941-09-01,82.73214,101
1941-10-01,88.135317,101
1941-11-01,100.07341,101
1941-12-01,153.64739,101
1942-01-01,159.56658,101
1942-02-01,121.45504,101
1942-03-01,114.48398,101
1942-04-01,159.55124,101
1942-05-01,164.77328,101
1942-06-01,117.37763,101
1942-07-01,139.49931,101
1942-08-01,133.36691,101
1942-09-01,157.62345,101
1942-10-01,124.66378,101
1942-11-01,99.95902,101
1942-12-01,149.38411,101
1943-01-01,108.81624,101
1943-02-01,90.970223,101
1943-03-01,148.20717,101
1943-04-01,102.49929,101
1943-05-01,132.8749,101
1943-06-01,115.06926,101
1943-07-01,114.3481,101
1943-08-01,94.383149,101
1943-09-01,117.4941,101
1943-10-01,88.576203,101
1943-11-01,99.654007,101
1943-12-01,91.577433,101
1944-01-01,83.611913,101
1944-02-01,97.865716,101
1944-03-01,74.796181,101
1944-04-01,145.52222,101
1944-05-01,90.376719,101
1944-06-01,70.145698,101
1944-07-01,84.695942,101
1944-08-01,77.219687,101
1944-09-01,112.82067,101
1944-10-01,108.25919,101
1944-11-01,88.479817,101
1944-12-01,112.77466,101
1945-01-01,71.296048,101
1945-02-01,74.430862,101
1945-03-01,100.26225,101
1945-04-01,92.115669,101
1945-05-01,85.48607,101
1945-06-01,96.855774,101
1945-07-01,110.39331,101
1945-08-01,153.88195,101
1945-09-01,130.22595,101
1945-10-01,133.81187,101
1945-11-01,97.891794,101
1945-12-01,102.88498,101
1946-01-01,96.191518,101
1946-02-01,81.092836,101
1946-03-01,111.86948,101
1946-04-01,97.837119,101
1946-05-01,82.595674,101
1946-06-01,86.770428,101
1946-07-01,126.34391,101
1946-08-01,85.674471,101
1946-09-01,89.028795,101
1946-10-01,86.232414,101
1946-11-01,84.515986,101
1946-12-01,88.537234,101
1947-01-01,84.654305,101
1947-02-01,112.75977,101
1947-03-01,96.715603,101
1947-04-01,114.07221,101
1947-05-01,120.83938,101
1947-06-01,104.32714,101
1947-07-01,83.291639,101
1947-08-01,82.970031,101
1947-09-01,84.244461,101
1947-10-01,63.5175,101
1947-11-01,101.66552,101
1947-12-01,87.830452,101
1948-01-01,88.505673,101
1948-02-01,63.11259,101
1948-03-01,52.887754,101
1948-04-01,64.304739,101
1948-05-01,51.275862,101
1948-06-01,54.712696,101
1948-07-01,65.230483,101
1948-08-01,51.403927,101
1948-09-01,76.217524,101
1948-10-01,68.996155,101
1948-11-01,68.201441,101
1948-12-01,58.426989,101
1949-01-01,102.56137,101
1949-02-01,72.502304,101
1949-03-01,58.470411,101
1949-04-01,54.15279,101
1949-05-01,44.314936,101
1949-06-01,56.181905,101
1949-07-01,66.256064,101
1949-08-01,52.864661,101
1949-09-01,53.800792,101
1949-10-01,48.691026,101
1949-11-01,37.552612,101
1949-12-01,48.727832,101
1950-01-01,74.302175,101
1950-02-01,49.593247,101
1950-03-01,39.71389,101
1950-04-01,42.239509,101
1950-05-01,41.58758,101
1950-06-01,60.904845,101
1950-07-01,78.202217,101
1950-08-01,66.343708,101
1950-09-01,57.427308,101
1950-10-01,55.636002,101
1950-11-01,72.267318,101
1950-12-01,67.387686,101
1951-01-01,97.290511,101
1951-02-01,51.64267,101
1951-03-01,54.941666,101
1951-04-01,60.767741,101
1951-05-01,65.612597,101
1951-06-01,60.474367,101
1951-07-01,88.519157,101
1951-08-01,55.529888,101
1951-09-01,51.520909,101
1951-10-01,45.350297,101
1951-11-01,41.270492,101
1951-12-01,35.979608,101
1952-01-01,70.919305,101
1952-02-01,42.192405,101
1952-03-01,43.067229,101
1952-04-01,42.347912,101
1952-05-01,62.859593,101
1952-06-01,65.035355,101
1952-07-01,58.371017,101
1952-08-01,41.556635,101
1952-09-01,40.625431,101
1952-10-01,63.926063,101
1952-11-01,50.28922,101
1952-12-01,48.104597,101
1953-01-01,42.517095,101
1953-02-01,42.601205,101
1953-03-01,72.761102,101
1953-04-01,58.257577,101
1953-05-01,44.270151,101
1953-06-01,74.449162,101
1953-07-01,53.862387,101
1953-08-01,44.873167,101
1953-09-01,33.665801,101
1953-10-01,47.951669,101
1953-11-01,56.218007,101
1953-12-01,52.97911,101
1954-01-01,70.05538,101
1954-02-01,66.41369,101
1954-03-01,54.562034,101
1954-04-01,33.644027,101
1954-05-01,36.600583,101
1954-06-01,57.603011,101
1954-07-01,35.611303,101
1954-08-01,36.31647,101
1954-09-01,44.309735,101
1954-10-01,43.427095,101
1954-11-01,42.832805,101
1954-12-01,32.903359,101
1955-01-01,55.490548,101
1955-02-01,53.741641,101
1955-03-01,42.5716,101
1955-04-01,40.431466,101
1955-05-01,35.331102,101
1955-06-01,23.621899,101
1955-07-01,26.707142,101
1955-08-01,32.802342,101
1955-09-01,30.295134,101
1955-10-01,30.726997,101
1955-11-01,36.975622,101
1955-12-01,28.03238,101
1956-01-01,51.984459,101
1956-02-01,50.987111,101
1956-03-01,45.707925,101
1956-04-01,38.203585,101
1956-05-01,30.228871,101
1956-06-01,29.775597,101
1956-07-01,40.887385,101
1956-08-01,28.826006,101
1956-09-01,21.94447,101
1956-10-01,33.70363,101
1956-11-01,48.464211,101
1956-12-01,40.628291,101
1957-01-01,56.511063,101
1957-02-01,43.276492,101
1957-03-01,30.222922,101
1957-04-01,30.692184,101
1957-05-01,32.471822,101
1957-06-01,40.46622,101
1957-07-01,41.431236,101
1957-08-01,37.400617,101
1957-09-01,25.656452,101
1957-10-01,23.64754,101
1957-11-01,38.606124,101
1957-12-01,44.438808,101
1958-01-01,49.839798,101
1958-02-01,41.427325,101
1958-03-01,39.76089,101
1958-04-01,39.661289,101
1958-05-01,53.746294,101
1958-06-01,42.007589,101
1958-07-01,44.657295,101
1958-08-01,30.381444,101
1958-09-01,23.560763,101
1958-10-01,30.090589,101
1958-11-01,34.483238,101
1958-12-01,36.668779,101
1959-01-01,32.461146,101
1959-02-01,35.484172,101
1959-03-01,32.481579,101
1959-04-01,30.383096,101
1959-05-01,26.526942,101
1959-06-01,27.02229,101
1959-07-01,31.604962,101
1959-08-01,30.146258,101
1959-09-01,33.905359,101
1959-10-01,26.407219,101
1959-11-01,27.319738,101
1959-12-01,33.625047,101
1960-01-01,45.835265,101
1960-02-01,43.393408,101
1960-03-01,26.086863,101
1960-04-01,34.078098,101
1960-05-01,34.762743,101
1960-06-01,33.491454,101
1960-07-01,38.621431,101
1960-08-01,37.138478,101
1960-09-01,33.123469,101
1960-10-01,32.353351,101
1960-11-01,49.293687,101
1960-12-01,33.63793,101
1961-01-01,45.982192,101
1961-02-01,30.763588,101
1961-03-01,29.457746,101
1961-04-01,22.453486,101
1961-05-01,34.992017,101
1961-06-01,42.024407,101
1961-07-01,34.116697,101
1961-08-01,39.54564,101
1961-09-01,34.108347,101
1961-10-01,29.784791,101
1961-11-01,37.856691,101
1961-12-01,34.208319,101
1962-01-01,43.648523,101
1962-02-01,28.510251,101
1962-03-01,31.648828,101
1962-04-01,35.066874,101
1962-05-01,29.902374,101
1962-06-01,53.725142,101
1962-07-01,51.636061,101
1962-08-01,55.122466,101
1962-09-01,49.972101,101
1962-10-01,43.532445,101
1962-11-01,38.790695,101
1962-12-01,41.248288,101
1963-01-01,58.06333,101
1963-02-01,54.327137,101
1963-03-01,40.606709,101
1963-04-01,34.923991,101
1963-05-01,39.974273,101
1963-06-01,45.99355,101
1963-07-01,49.303311,101
1963-08-01,41.850393,101
1963-09-01,47.057767,101
1963-10-01,34.410597,101
1963-11-01,39.347927,101
1963-12-01,49.66394,101
1964-01-01,49.510945,101
1964-02-01,35.378969,101
1964-03-01,44.78542,101
1964-04-01,34.709208,101
1964-05-01,28.515474,101
1964-06-01,40.306549,101
1964-07-01,35.536291,101
1964-08-01,52.334982,101
1964-09-01,43.928976,101
1964-10-01,36.56494,101
1964-11-01,43.798622,101
1964-12-01,50.157332,101
1965-01-01,36.329176,101
1965-02-01,38.10834,101
1965-03-01,25.874006,101
1965-04-01,43.396586,101
1965-05-01,40.649672,101
1965-06-01,45.556382,101
1965-07-01,41.390096,101
1965-08-01,44.432229,101
1965-09-01,37.944913,101
1965-10-01,38.315129,101
1965-11-01,34.244881,101
1965-12-01,55.079592,101
1966-01-01,59.78347,101
1966-02-01,45.875634,101
1966-03-01,47.213978,101
1966-04-01,29.717225,101
1966-05-01,51.000795,101
1966-06-01,34.281205,101
1966-07-01,46.006152,101
1966-08-01,46.762542,101
1966-09-01,49.388443,101
1966-10-01,56.475368,101
1966-11-01,49.028214,101
1966-12-01,61.449037,101
1967-01-01,66.877558,101
1967-02-01,49.591847,101
1967-03-01,49.358001,101
1967-04-01,43.058976,101
1967-05-01,49.81781,101
1967-06-01,77.291921,101
1967-07-01,42.298459,101
1967-08-01,46.590291,101
1967-09-01,39.520466,101
1967-10-01,62.879529,101
1967-11-01,64.618301,101
1967-12-01,67.470951,101
1968-01-01,106.39666,101
1968-02-01,60.624266,101
1968-03-01,91.104985,101
1968-04-01,76.415037,101
1968-05-01,60.484087,101
1968-06-01,54.040808,101
1968-07-01,56.493482,101
1968-08-01,52.048491,101
1968-09-01,42.701258,101
1968-10-01,53.073606,101
1968-11-01,67.579495,101
1968-12-01,56.198278,101
1969-01-01,65.947636,101
1969-02-01,59.591779,101
1969-03-01,57.02036,101
1969-04-01,53.195011,101
1969-05-01,51.766223,101
1969-06-01,50.305341,101
1969-07-01,63.030613,101
1969-08-01,51.621155,101
1969-09-01,47.247198,101
1969-10-01,55.90609,101
1969-11-01,54.524258,101
1969-12-01,74.22594,101
1970-01-01,56.043009,101
1970-02-01,42.546255,101
1970-03-01,40.658955,101
1970-04-01,42.451491,101
1970-05-01,75.378498,101
1970-06-01,69.621457,101
1970-07-01,49.262008,101
1970-08-01,43.846407,101
1970-09-01,58.802502,101
1970-10-01,47.584831,101
1970-11-01,58.351814,101
1970-12-01,70.270733,101
1971-01-01,69.003319,101
1971-02-01,59.02602,101
1971-03-01,56.236833,101
1971-04-01,54.907638,101
1971-05-01,56.698597,101
1971-06-01,71.190127,101
1971-07-01,71.032694,101
1971-08-01,97.005576,101
1971-09-01,77.793262,101
1971-10-01,72.917749,101
1971-11-01,113.88129,101
1971-12-01,80.251959,101
1972-01-01,83.310012,101
1972-02-01,53.166992,101
1972-03-01,62.708553,101
1972-04-01,58.783188,101
1972-05-01,72.427418,101
1972-06-01,57.130978,101
1972-07-01,64.586244,101
1972-08-01,60.905578,101
1972-09-01,63.52885,101
1972-10-01,56.235114,101
1972-11-01,75.426951,101
1972-12-01,66.058321,101
1973-01-01,92.82371,101
1973-02-01,82.566854,101
1973-03-01,82.17805,101
1973-04-01,72.552453,101
1973-05-01,82.024544,101
1973-06-01,98.064489,101
1973-07-01,80.311894,101
1973-08-01,99.787659,101
1973-09-01,62.645262,101
1973-10-01,103.71815,101
1973-11-01,101.72005,101
1973-12-01,112.02032,101
1974-01-01,118.71156,101
1974-02-01,109.72602,101
1974-03-01,99.993692,101
1974-04-01,77.313702,101
1974-05-01,105.90606,101
1974-06-01,90.920585,101
1974-07-01,92.507955,101
1974-08-01,112.01446,101
1974-09-01,77.502548,101
1974-10-01,91.898818,101
1974-11-01,93.215255,101
1974-12-01,120.3802,101
1975-01-01,96.240266,101
1975-02-01,78.77194,101
1975-03-01,86.502754,101
1975-04-01,83.954265,101
1975-05-01,77.828675,101
1975-06-01,79.601927,101
1975-07-01,81.988464,101
1975-08-01,81.196261,101
1975-09-01,85.795602,101
1975-10-01,105.81664,101
1975-11-01,95.722626,101
1975-12-01,100.86376,101
1976-01-01,86.633146,101
1976-02-01,65.126792,101
1976-03-01,75.143571,101
1976-04-01,64.391553,101
1976-05-01,80.291002,101
1976-06-01,62.339864,101
1976-07-01,54.345273,101
1976-08-01,79.238534,101
1976-09-01,75.071411,101
1976-10-01,70.573582,101
1976-11-01,99.778768,101
1976-12-01,79.490353,101
1977-01-01,79.986508,101
1977-02-01,72.601327,101
1977-03-01,62.156589,101
1977-04-01,83.683555,101
1977-05-01,98.418325,101
1977-06-01,70.414927,101
1977-07-01,80.226992,101
1977-08-01,71.948028,101
1977-09-01,73.685215,101
1977-10-01,97.916613,101
1977-11-01,97.808892,101
1977-12-01,117.11559,101
1978-01-01,109.37018,101
1978-02-01,97.025135,101
1978-03-01,101.88348,101
1978-04-01,85.069336,101
1978-05-01,79.218309,101
1978-06-01,82.964845,101
1978-07-01,103.36461,101
1978-08-01,76.226044,101
1978-09-01,83.701632,101
1978-10-01,77.396679,101
1978-11-01,93.705187,101
1978-12-01,92.048769,101
1979-01-01,85.150016,101
1979-02-01,108.87818,101
1979-03-01,90.833386,101
1979-04-01,95.047924,101
1979-05-01,94.076136,101
1979-06-01,93.996716,101
1979-07-01,129.59659,101
1979-08-01,65.006883,101
1979-09-01,94.933683,101
1979-10-01,120.16105,101
1979-11-01,116.1564,101
1979-12-01,105.36916,101
1980-01-01,104.43279,101
1980-02-01,77.070478,101
1980-03-01,83.001147,101
1980-04-01,95.026957,101
1980-05-01,81.989501,101
1980-06-01,77.26162,101
1980-07-01,102.06499,101
1980-08-01,94.459087,101
1980-09-01,80.984448,101
1980-10-01,87.091961,101
1980-11-01,96.392143,101
1980-12-01,85.778488,101
1981-01-01,109.16926,101
1981-02-01,80.030886,101
1981-03-01,81.112099,101
1981-04-01,92.280214,101
1981-05-01,80.365829,101
1981-06-01,104.64601,101
1981-07-01,100.1272,101
1981-08-01,79.285357,101
1981-09-01,111.77702,101
1981-10-01,101.42037,101
1981-11-01,78.634436,101
1981-12-01,87.04099,101
1982-01-01,123.95945,101
1982-02-01,101.93601,101
1982-03-01,118.21384,101
1982-04-01,110.73381,101
1982-05-01,119.3441,101
1982-06-01,125.72781,101
1982-07-01,108.75549,101
1982-08-01,116.87392,101
1982-09-01,114.94739,101
1982-10-01,108.55279,101
1982-11-01,103.15013,101
1982-12-01,111.54713,101
1983-01-01,119.60696,101
1983-02-01,115.98874,101
1983-03-01,104.21082,101
1983-04-01,103.45351,101
1983-05-01,97.012466,101
1983-06-01,106.10847,101
1983-07-01,108.5905,101
1983-08-01,84.145926,101
1983-09-01,90.220249,101
1983-10-01,97.209535,101
1983-11-01,99.477386,101
1983-12-01,81.435855,101
1984-01-01,120.50577,101
1984-02-01,122.94158,101
1984-03-01,99.473756,101
1984-04-01,88.73534,101
1984-05-01,85.63728,101
1984-06-01,107.4372,101
1984-07-01,98.238962,101
1984-08-01,103.43077,101
1984-09-01,88.63725,101
1984-10-01,91.10417,101
1984-11-01,106.90445,101
1984-12-01,129.87122,101
1985-01-01,103.7488,101
1985-02-01,78.313193,101
1985-03-01,100.76148,101
1985-04-01,84.778863,101
1985-05-01,98.053653,101
1985-06-01,119.59715,101
1985-07-01,111.41511,101
1985-08-01,111.24701,101
1985-09-01,111.18446,101
1985-10-01,93.099104,101
1985-11-01,85.099133,101
1985-12-01,104.17722,101
1986-01-01,144.26647,101
1986-02-01,118.99353,101
1986-03-01,120.16006,101
1986-04-01,102.47736,101
1986-05-01,132.38617,101
1986-06-01,115.05228,101
1986-07-01,130.82105,101
1986-08-01,118.30261,101
1986-09-01,125.89422,101
1986-10-01,91.820462,101
1986-11-01,98.328943,101
1986-12-01,87.979676,101
1987-01-01,110.43333,101
1987-02-01,76.966074,101
1987-03-01,99.059576,101
1987-04-01,79.532359,101
1987-05-01,87.58505,101
1987-06-01,106.57285,101
1987-07-01,81.389414,101
1987-08-01,52.79015,101
1987-09-01,59.869595,101
1987-10-01,170.32209,101
1987-11-01,183.10253,101
1987-12-01,149.01115,101
1988-01-01,142.87285,101
1988-02-01,102.03289,101
1988-03-01,82.353635,101
1988-04-01,97.856801,101
1988-05-01,99.127444,101
1988-06-01,88.285945,101
1988-07-01,80.835894,101
1988-08-01,94.889691,101
1988-09-01,85.356802,101
1988-10-01,98.253798,101
1988-11-01,102.234,101
1988-12-01,77.828101,101
1989-01-01,87.426406,101
1989-02-01,51.350641,101
1989-03-01,72.523248,101
1989-04-01,92.379827,101
1989-05-01,83.752865,101
1989-06-01,95.786299,101
1989-07-01,78.256595,101
1989-08-01,83.109306,101
1989-09-01,74.695478,101
1989-10-01,76.449554,101
1989-11-01,105.04748,101
1989-12-01,103.79668,101
1990-01-01,92.321494,101
1990-02-01,110.44627,101
1990-03-01,104.46141,101
1990-04-01,88.448172,101
1990-05-01,97.387936,101
1990-06-01,100.86434,101
1990-07-01,86.280178,101
1990-08-01,139.32268,101
1990-09-01,165.93844,101
1990-10-01,137.67424,101
1990-11-01,152.4486,101
1990-12-01,134.06154,101
1991-01-01,204.01055,101
1991-02-01,106.51806,101
1991-03-01,107.93748,101
1991-04-01,93.014643,101
1991-05-01,82.147823,101
1991-06-01,85.919035,101
1991-07-01,80.648996,101
1991-08-01,99.122088,101
1991-09-01,127.29445,101
1991-10-01,108.12096,101
1991-11-01,140.61236,101
1991-12-01,171.01098,101
1992-01-01,116.36486,101
1992-02-01,154.59694,101
1992-03-01,96.82841,101
1992-04-01,89.854222,101
1992-05-01,78.680471,101
1992-06-01,122.2935,101
1992-07-01,119.61317,101
1992-08-01,122.40712,101
1992-09-01,141.44325,101
1992-10-01,161.25424,101
1992-11-01,108.15006,101
1992-12-01,87.872095,101
1993-01-01,83.464978,101
1993-02-01,106.97612,101
1993-03-01,109.79681,101
1993-04-01,89.65113,101
1993-05-01,133.50577,101
1993-06-01,120.68006,101
1993-07-01,106.50299,101
1993-08-01,115.57618,101
1993-09-01,116.02729,101
1993-10-01,78.822508,101
1993-11-01,89.257497,101
1993-12-01,77.272013,101
1994-01-01,82.292792,101
1994-02-01,96.145653,101
1994-03-01,83.226883,101
1994-04-01,106.35445,101
1994-05-01,94.503876,101
1994-06-01,87.468898,101
1994-07-01,75.432046,101
1994-08-01,88.997294,101
1994-09-01,85.293496,101
1994-10-01,61.686224,101
1994-11-01,94.68728,101
1994-12-01,94.763187,101
1995-01-01,122.40638,101
1995-02-01,100.51556,101
1995-03-01,86.486182,101
1995-04-01,65.995564,101
1995-05-01,67.301655,101
1995-06-01,75.823385,101
1995-07-01,81.652943,101
1995-08-01,55.888009,101
1995-09-01,70.380916,101
1995-10-01,79.905524,101
1995-11-01,101.20012,101
1995-12-01,90.670606,101
1996-01-01,101.57822,101
1996-02-01,82.021395,101
1996-03-01,76.630455,101
1996-04-01,70.881059,101
1996-05-01,62.109611,101
1996-06-01,82.242937,101
1996-07-01,69.693672,101
1996-08-01,88.647423,101
1996-09-01,78.980762,101
1996-10-01,55.670242,101
1996-11-01,74.371197,101
1996-12-01,67.173346,101
1997-01-01,75.445516,101
1997-02-01,92.086141,101
1997-03-01,70.452693,101
1997-04-01,71.104439,101
1997-05-01,75.869499,101
1997-06-01,84.478046,101
1997-07-01,76.706199,101
1997-08-01,58.915026,101
1997-09-01,54.414304,101
1997-10-01,92.929558,101
1997-11-01,85.982807,101
1997-12-01,103.69953,101
1998-01-01,107.95376,101
1998-02-01,101.14947,101
1998-03-01,83.347615,101
1998-04-01,74.457284,101
1998-05-01,80.127141,101
1998-06-01,80.887732,101
1998-07-01,101.41852,101
1998-08-01,130.46704,101
1998-09-01,169.03727,101
1998-10-01,145.02323,101
1998-11-01,113.50475,101
1998-12-01,110.89498,101
1999-01-01,123.32284,101
1999-02-01,94.996282,101
1999-03-01,67.027571,101
1999-04-01,69.787894,101
1999-05-01,64.776457,101
1999-06-01,74.925619,101
1999-07-01,86.529938,101
1999-08-01,77.025337,101
1999-09-01,77.498352,101
1999-10-01,65.337079,101
1999-11-01,76.317182,101
1999-12-01,79.32243,101
2000-01-01,88.988694,101
2000-02-01,73.3652,101
2000-03-01,73.298624,101
2000-04-01,70.599742,101
2000-05-01,118.14321,101
2000-06-01,109.58423,101
2000-07-01,86.658348,101
2000-08-01,58.906461,101
2000-09-01,73.550992,101
2000-10-01,89.913447,101
2000-11-01,166.18403,101
2000-12-01,149.4485,101
2001-01-01,142.61412,101
2001-02-01,128.62566,101
2001-03-01,137.37416,101
2001-04-01,148.758,101
2001-05-01,117.43626,101
2001-06-01,93.461232,101
2001-07-01,120.29459,101
2001-08-01,95.39997,101
2001-09-01,272.76447,101
2001-10-01,247.29425,101
2001-11-01,172.48883,101
2001-12-01,149.70893,101
2002-01-01,148.44973,101
2002-02-01,104.60943,101
2002-03-01,97.512996,101
2002-04-01,106.16465,101
2002-05-01,98.64004,101
2002-06-01,111.14995,101
2002-07-01,139.66112,101
2002-08-01,136.11907,101
2002-09-01,149.84821,101
2002-10-01,128.97361,101
2002-11-01,162.22141,101
2002-12-01,160.41132,101
2003-01-01,185.59163,101
2003-02-01,161.75977,101
2003-03-01,224.6472,101
2003-04-01,176.57987,101
2003-05-01,122.30983,101
2003-06-01,110.69554,101
2003-07-01,103.74825,101
2003-08-01,91.714177,101
2003-09-01,109.55396,101
2003-10-01,78.585987,101
2003-11-01,78.6961,101
2003-12-01,90.34359,101
2004-01-01,88.277596,101
2004-02-01,88.901485,101
2004-03-01,84.330896,101
2004-04-01,79.72692,101
2004-05-01,97.208038,101
2004-06-01,85.27449,101
2004-07-01,88.956501,101
2004-08-01,84.449878,101
2004-09-01,108.50958,101
2004-10-01,118.34145,101
2004-11-01,96.695767,101
2004-12-01,66.532877,101
2005-01-01,66.734328,101
2005-02-01,51.695687,101
2005-03-01,49.30864,101
2005-04-01,78.395873,101
2005-05-01,75.090765,101
2005-06-01,82.005589,101
2005-07-01,71.939547,101
2005-08-01,59.617232,101
2005-09-01,105.76986,101
2005-10-01,79.83,101
2005-11-01,60.067852,101
2005-12-01,70.026756,101
2006-01-01,75.079238,101
2006-02-01,69.491745,101
2006-03-01,55.008073,101
2006-04-01,81.651724,101
2006-05-01,67.809799,101
2006-06-01,82.586283,101
2006-07-01,84.474456,101
2006-08-01,71.515095,101
2006-09-01,61.751346,101
2006-10-01,55.629511,101
2006-11-01,49.599131,101
2006-12-01,51.039039,101
2007-01-01,74.510027,101
2007-02-01,50.860025,101
2007-03-01,72.529866,101
2007-04-01,59.841394,101
2007-05-01,71.13732,101
2007-06-01,68.759233,101
2007-07-01,44.782751,101
2007-08-01,90.007297,101
2007-09-01,109.89266,101
2007-10-01,90.640076,101
2007-11-01,106.56617,101
2007-12-01,116.9909,101
2008-01-01,177.04221,101
2008-02-01,108.31474,101
2008-03-01,114.47458,101
2008-04-01,98.197699,101
2008-05-01,88.673434,101
2008-06-01,89.136883,101
2008-07-01,115.10272,101
2008-08-01,81.163078,101
2008-09-01,238.17187,101
2008-10-01,241.77228,101
2008-11-01,162.71338,101
2008-12-01,157.82868,101
2009-01-01,184.81783,101
2009-02-01,202.54797,101
2009-03-01,167.99122,101
2009-04-01,107.92725,101
2009-05-01,125.94462,101
2009-06-01,112.47264,101
2009-07-01,104.35511,101
2009-08-01,111.17434,101
2009-09-01,99.009636,101
2009-10-01,86.24176,101
2009-11-01,99.779269,101
2009-12-01,108.39609,101
2010-01-01,136.86386,101
2010-02-01,116.72156,101
2010-03-01,124.68751,101
2010-04-01,123.7022,101
2010-05-01,147.76326,101
2010-06-01,129.7322,101
2010-07-01,196.94725,101
2010-08-01,127.22817,101
2010-09-01,186.74125,101
2010-10-01,154.76274,101
2010-11-01,175.04428,101
2010-12-01,151.55333,101
2011-01-01,111.49282,101
2011-02-01,104.56237,101
2011-03-01,153.84173,101
2011-04-01,124.84659,101
2011-05-01,84.549161,101
2011-06-01,139.0379,101
2011-07-01,207.16031,101
2011-08-01,283.66557,101
2011-09-01,214.42611,101
2011-10-01,137.83925,101
2011-11-01,143.71456,101
2011-12-01,183.08861,101
2012-01-01,154.41802,101
2012-02-01,119.43544,101
2012-03-01,98.748105,101
2012-04-01,96.969671,101
2012-05-01,135.87985,101
2012-06-01,197.46098,101
2012-07-01,180.80354,101
2012-08-01,142.9553,101
2012-09-01,182.10719,101
2012-10-01,166.1284,101
2012-11-01,205.86466,101
2012-12-01,214.95195,101
2013-01-01,199.35894,101
2013-02-01,128.56251,101
2013-03-01,146.11586,101
2013-04-01,135.44059,101
2013-05-01,109.02804,101
2013-06-01,126.62587,101
2013-07-01,91.43749,101
2013-08-01,108.75838,101
2013-09-01,179.88974,101
2013-10-01,225.37331,101
2013-11-01,89.915173,101
2013-12-01,115.02074,101
2014-01-01,107.70513,101
2014-02-01,93.369298,101
2014-03-01,101.01873,101
2014-04-01,96.993431,101
2014-05-01,102.01504,101
2014-06-01,85.968468,101
2014-07-01,78.505987,101
2014-08-01,63.877336,101
2014-09-01,86.216602,101
2014-10-01,113.33458,101
2014-11-01,93.185943,101
2014-12-01,87.415328,101
2015-01-01,120.54423,101
2015-02-01,87.609469,101
2015-03-01,95.978963,101
2015-04-01,103.54496,101
2015-05-01,102.3187,101
2015-06-01,115.88029,101
2015-07-01,98.734793,101
2015-08-01,156.50363,101
2015-09-01,171.93268,101
2015-10-01,110.70194,101
2015-11-01,89.58371,101
2015-12-01,101.96343,101
2016-01-01,154.85733,101
2016-02-01,148.32179,101
2016-03-01,130.49016,101
2016-04-01,96.413416,101
2016-05-01,96.222333,101
2016-06-01,233.9561,101
2016-07-01,164.4584,101
2016-08-01,106.88562,101
2016-09-01,86.343538,101
2016-10-01,108.06412,101
2016-11-01,254.10133,101
2016-12-01,161.42479,101
2017-01-01,195.04063,101
2017-02-01,177.77772,101
2017-03-01,154.6097,101
2017-04-01,157.67652,101
2017-05-01,129.88806,101
2017-06-01,120.63846,101
2017-07-01,141.13833,101
2017-08-01,137.8597,101
2017-09-01,116.62002,101
2017-10-01,125.86584,101
2017-11-01,111.28269,101
2017-12-01,140.35018,101
2018-01-01,160.9672,101
2018-02-01,114.75556,101
2018-03-01,187.09589,101
2018-04-01,139.03539,101
2018-05-01,162.2767,101
2018-06-01,134.40277,101
2018-07-01,176.20508,101
2018-08-01,114.96137,101
2018-09-01,120.98519,101
2018-10-01,136.11465,101
2018-11-01,164.9422,101
2018-12-01,226.57689,101
2019-01-01,284.13594,101
2019-02-01,123.63929,101
2019-03-01,180.6317,101
2019-04-01,109.68637,101
2019-05-01,160.85815,101
2019-06-01,207.99137,101
2019-07-01,207.74546,101
2019-08-01,282.52293,101
2019-09-01,186.6407,101
2019-10-01,159.51139,101
2019-11-01,170.48034,101
2019-12-01,190.50493,101
2020-01-01,164.75531,101
2020-02-01,216.19121,101
2020-03-01,425.77917,101
2020-04-01,400.94474,101
2020-05-01,503.96334,101
2020-06-01,300.24017,101
2020-07-01,427.91537,101
2020-08-01,263.47143,101
2020-09-01,252.58784,101
2020-10-01,305.76663,101
2020-11-01,327.6096,101
2020-12-01,326.61663,101
2021-01-01,261.30613,101
2021-02-01,187.51962,101
2021-03-01,166.78553,101
2021-04-01,141.30017,101
2021-05-01,172.09621,101
2021-06-01,149.13127,101
2021-07-01,182.17141,101
2021-08-01,157.19521,101
2021-09-01,171.30045,101
2021-10-01,136.92024,101
2021-11-01,175.87288,101
2021-12-01,201.43367,101
2022-01-01,155.27966,101
2022-02-01,140.4425,101
2022-03-01,229.24474,101
2022-04-01,168.82775,101
2022-05-01,190.45302,101
2022-06-01,152.81057,101
2022-07-01,222.78994,101
2022-08-01,183.03483,101
2022-09-01,201.73849,101
2022-10-01,207.27533,101
2022-11-01,210.37489,101
2022-12-01,150.03712,101
2023-01-01,161.42711,101
2023-02-01,152.96728,101
2023-03-01,200.48994,101
2023-04-01,165.41756,101
2023-05-01,205.17646,101
2023-06-01,179.30804,101
2023-07-01,132.71063,101
2023-08-01,76.844224,101
2023-09-01,117.69878,101
2023-10-01,133.59407,101
2023-11-01,140.6772,101
2023-12-01,107.00158,101
2024-01-01,131.27368,101
2024-02-01,106.51287,101
2024-03-01,116.7115,101
2024-04-01,139.41202,101
2024-05-01,123.60752,101
2024-06-01,144.17842,101
2024-07-01,144.9368,101
2024-08-01,138.36643,101
2024-09-01,127.39912,101
2024-10-01,109.29089,101
2024-11-01,225.04903,101
2024-12-01,218.84548,101
2025-01-01,236.78707,101
2025-02-01,329.29079,101
2025-03-01,446.30316,101
2025-04-01,725.03117,101
2025-05-01,565.60155,101
