DATE,OVXCLS,KEY_RISK_INDICATOR_ID
2007-05-10,27.09,102
2007-05-11,26.41,102
2007-05-14,27.23,102
2007-05-15,27.89,102
2007-05-16,27.07,102
2007-05-17,24.86,102
2007-05-18,24.71,102
2007-05-21,24.67,102
2007-05-22,26.03,102
2007-05-23,26.35,102
2007-05-24,26.63,102
2007-05-25,25.81,102
2007-05-28,,102
2007-05-29,27.83,102
2007-05-30,28.61,102
2007-05-31,28.44,102
2007-06-01,27.39,102
2007-06-04,27.36,102
2007-06-05,26.7,102
2007-06-06,25.94,102
2007-06-07,26.11,102
2007-06-08,26.51,102
2007-06-11,25.99,102
2007-06-12,25.81,102
2007-06-13,26.07,102
2007-06-14,26.35,102
2007-06-15,26.41,102
2007-06-18,27.15,102
2007-06-19,26.72,102
2007-06-20,27.14,102
2007-06-21,28.0,102
2007-06-22,28.16,102
2007-06-25,28.01,102
2007-06-26,27.79,102
2007-06-27,28.06,102
2007-06-28,27.95,102
2007-06-29,27.44,102
2007-07-02,27.52,102
2007-07-03,27.45,102
2007-07-04,,102
2007-07-05,27.33,102
2007-07-06,27.4,102
2007-07-09,28.25,102
2007-07-10,27.37,102
2007-07-11,27.69,102
2007-07-12,27.35,102
2007-07-13,27.06,102
2007-07-16,28.0,102
2007-07-17,27.46,102
2007-07-18,27.91,102
2007-07-19,27.4,102
2007-07-20,26.69,102
2007-07-23,27.09,102
2007-07-24,27.42,102
2007-07-25,26.84,102
2007-07-26,27.79,102
2007-07-27,27.25,102
2007-07-30,30.16,102
2007-07-31,30.69,102
2007-08-01,29.73,102
2007-08-02,29.68,102
2007-08-03,29.32,102
2007-08-06,32.49,102
2007-08-07,29.48,102
2007-08-08,27.07,102
2007-08-09,29.73,102
2007-08-10,30.87,102
2007-08-13,30.82,102
2007-08-14,30.23,102
2007-08-15,31.14,102
2007-08-16,37.02,102
2007-08-17,35.46,102
2007-08-20,34.16,102
2007-08-21,34.33,102
2007-08-22,31.93,102
2007-08-23,29.85,102
2007-08-24,28.67,102
2007-08-27,28.98,102
2007-08-28,28.81,102
2007-08-29,28.88,102
2007-08-30,28.99,102
2007-08-31,28.86,102
2007-09-03,,102
2007-09-04,29.49,102
2007-09-05,30.29,102
2007-09-06,31.11,102
2007-09-07,31.39,102
2007-09-10,30.82,102
2007-09-11,31.3,102
2007-09-12,30.25,102
2007-09-13,30.37,102
2007-09-14,29.37,102
2007-09-17,29.72,102
2007-09-18,29.77,102
2007-09-19,28.93,102
2007-09-20,30.57,102
2007-09-21,30.3,102
2007-09-24,29.19,102
2007-09-25,28.79,102
2007-09-26,28.4,102
2007-09-27,27.77,102
2007-09-28,29.32,102
2007-10-01,30.53,102
2007-10-02,30.74,102
2007-10-03,30.62,102
2007-10-04,30.12,102
2007-10-05,29.57,102
2007-10-08,31.07,102
2007-10-09,30.59,102
2007-10-10,30.24,102
2007-10-11,29.2,102
2007-10-12,28.61,102
2007-10-15,28.4,102
2007-10-16,29.8,102
2007-10-17,31.66,102
2007-10-18,32.04,102
2007-10-19,32.39,102
2007-10-22,32.27,102
2007-10-23,32.15,102
2007-10-24,31.34,102
2007-10-25,31.11,102
2007-10-26,32.74,102
2007-10-29,32.61,102
2007-10-30,34.65,102
2007-10-31,37.46,102
2007-11-01,39.71,102
2007-11-02,39.99,102
2007-11-05,40.14,102
2007-11-06,41.2,102
2007-11-07,41.37,102
2007-11-08,40.84,102
2007-11-09,37.06,102
2007-11-12,39.65,102
2007-11-13,38.69,102
2007-11-14,35.8,102
2007-11-15,34.56,102
2007-11-16,32.72,102
2007-11-19,31.45,102
2007-11-20,33.94,102
2007-11-21,34.38,102
2007-11-22,,102
2007-11-23,36.08,102
2007-11-26,35.95,102
2007-11-27,34.34,102
2007-11-28,34.94,102
2007-11-29,36.47,102
2007-11-30,37.26,102
2007-12-03,38.51,102
2007-12-04,37.36,102
2007-12-05,36.0,102
2007-12-06,34.42,102
2007-12-07,35.01,102
2007-12-10,35.94,102
2007-12-11,35.22,102
2007-12-12,34.58,102
2007-12-13,35.41,102
2007-12-14,34.44,102
2007-12-17,33.44,102
2007-12-18,31.79,102
2007-12-19,31.42,102
2007-12-20,29.17,102
2007-12-21,26.91,102
2007-12-24,27.48,102
2007-12-25,,102
2007-12-26,27.46,102
2007-12-27,32.07,102
2007-12-28,33.48,102
2007-12-31,36.35,102
2008-01-01,,102
2008-01-02,37.23,102
2008-01-03,36.47,102
2008-01-04,34.5,102
2008-01-07,35.18,102
2008-01-08,34.61,102
2008-01-09,33.93,102
2008-01-10,33.48,102
2008-01-11,32.12,102
2008-01-14,32.73,102
2008-01-15,33.6,102
2008-01-16,33.56,102
2008-01-17,32.12,102
2008-01-18,31.46,102
2008-01-21,,102
2008-01-22,37.14,102
2008-01-23,32.96,102
2008-01-24,32.96,102
2008-01-25,31.96,102
2008-01-28,33.18,102
2008-01-29,32.05,102
2008-01-30,30.64,102
2008-01-31,30.24,102
2008-02-01,29.77,102
2008-02-04,30.59,102
2008-02-05,31.59,102
2008-02-06,31.74,102
2008-02-07,30.77,102
2008-02-08,31.31,102
2008-02-11,31.94,102
2008-02-12,32.66,102
2008-02-13,31.45,102
2008-02-14,30.8,102
2008-02-15,30.17,102
2008-02-18,,102
2008-02-19,33.59,102
2008-02-20,36.25,102
2008-02-21,34.74,102
2008-02-22,34.47,102
2008-02-25,33.87,102
2008-02-26,33.89,102
2008-02-27,33.57,102
2008-02-28,35.35,102
2008-02-29,34.82,102
2008-03-03,36.45,102
2008-03-04,34.85,102
2008-03-05,37.61,102
2008-03-06,38.27,102
2008-03-07,37.85,102
2008-03-10,39.71,102
2008-03-11,40.92,102
2008-03-12,41.7,102
2008-03-13,41.07,102
2008-03-14,41.12,102
2008-03-17,46.81,102
2008-03-18,42.3,102
2008-03-19,46.33,102
2008-03-20,43.76,102
2008-03-21,,102
2008-03-24,40.56,102
2008-03-25,39.85,102
2008-03-26,39.29,102
2008-03-27,39.88,102
2008-03-28,38.52,102
2008-03-31,39.32,102
2008-04-01,39.72,102
2008-04-02,39.96,102
2008-04-03,40.77,102
2008-04-04,39.62,102
2008-04-07,42.14,102
2008-04-08,41.28,102
2008-04-09,41.58,102
2008-04-10,41.61,102
2008-04-11,38.1,102
2008-04-14,39.7,102
2008-04-15,40.36,102
2008-04-16,40.51,102
2008-04-17,40.59,102
2008-04-18,39.94,102
2008-04-21,36.32,102
2008-04-22,39.79,102
2008-04-23,38.11,102
2008-04-24,37.66,102
2008-04-25,37.91,102
2008-04-28,39.52,102
2008-04-29,39.34,102
2008-04-30,38.52,102
2008-05-01,38.8,102
2008-05-02,38.81,102
2008-05-05,40.15,102
2008-05-06,38.79,102
2008-05-07,38.62,102
2008-05-08,38.07,102
2008-05-09,37.43,102
2008-05-12,37.55,102
2008-05-13,38.11,102
2008-05-14,36.8,102
2008-05-15,38.77,102
2008-05-16,38.17,102
2008-05-19,38.51,102
2008-05-20,37.46,102
2008-05-21,38.69,102
2008-05-22,40.11,102
2008-05-23,38.61,102
2008-05-26,,102
2008-05-27,40.74,102
2008-05-28,40.52,102
2008-05-29,41.38,102
2008-05-30,42.3,102
2008-06-02,43.1,102
2008-06-03,41.75,102
2008-06-04,40.77,102
2008-06-05,41.37,102
2008-06-06,52.03,102
2008-06-09,45.57,102
2008-06-10,48.13,102
2008-06-11,48.4,102
2008-06-12,50.17,102
2008-06-13,49.19,102
2008-06-16,50.45,102
2008-06-17,48.51,102
2008-06-18,46.15,102
2008-06-19,46.62,102
2008-06-20,47.16,102
2008-06-23,44.29,102
2008-06-24,44.49,102
2008-06-25,43.97,102
2008-06-26,44.68,102
2008-06-27,43.83,102
2008-06-30,45.11,102
2008-07-01,46.45,102
2008-07-02,46.05,102
2008-07-03,44.39,102
2008-07-04,,102
2008-07-07,46.38,102
2008-07-08,48.41,102
2008-07-09,47.01,102
2008-07-10,46.91,102
2008-07-11,47.67,102
2008-07-14,47.24,102
2008-07-15,50.89,102
2008-07-16,52.02,102
2008-07-17,53.88,102
2008-07-18,53.73,102
2008-07-21,51.46,102
2008-07-22,50.94,102
2008-07-23,51.54,102
2008-07-24,50.7,102
2008-07-25,48.84,102
2008-07-28,49.28,102
2008-07-29,48.38,102
2008-07-30,47.17,102
2008-07-31,47.02,102
2008-08-01,46.83,102
2008-08-04,48.0,102
2008-08-05,48.47,102
2008-08-06,48.41,102
2008-08-07,46.99,102
2008-08-08,45.7,102
2008-08-11,45.57,102
2008-08-12,45.93,102
2008-08-13,46.86,102
2008-08-14,46.68,102
2008-08-15,48.35,102
2008-08-18,46.62,102
2008-08-19,44.77,102
2008-08-20,44.03,102
2008-08-21,45.14,102
2008-08-22,43.63,102
2008-08-25,44.48,102
2008-08-26,46.96,102
2008-08-27,48.21,102
2008-08-28,49.1,102
2008-08-29,50.22,102
2008-09-01,,102
2008-09-02,46.69,102
2008-09-03,45.08,102
2008-09-04,44.79,102
2008-09-05,44.85,102
2008-09-08,45.2,102
2008-09-09,45.65,102
2008-09-10,45.35,102
2008-09-11,46.98,102
2008-09-12,45.75,102
2008-09-15,45.75,102
2008-09-16,51.56,102
2008-09-17,52.44,102
2008-09-18,54.57,102
2008-09-19,52.73,102
2008-09-22,57.47,102
2008-09-23,54.76,102
2008-09-24,53.99,102
2008-09-25,52.39,102
2008-09-26,52.7,102
2008-09-29,64.21,102
2008-09-30,59.56,102
2008-10-01,57.99,102
2008-10-02,57.85,102
2008-10-03,56.41,102
2008-10-06,65.02,102
2008-10-07,64.12,102
2008-10-08,62.6,102
2008-10-09,61.58,102
2008-10-10,70.52,102
2008-10-13,70.52,102
2008-10-14,70.52,102
2008-10-15,70.52,102
2008-10-16,75.09,102
2008-10-17,70.04,102
2008-10-20,69.38,102
2008-10-21,71.76,102
2008-10-22,83.79,102
2008-10-23,81.88,102
2008-10-24,84.59,102
2008-10-27,82.51,102
2008-10-28,92.9,102
2008-10-29,79.85,102
2008-10-30,80.35,102
2008-10-31,80.56,102
2008-11-03,84.07,102
2008-11-04,83.2,102
2008-11-05,83.63,102
2008-11-06,90.25,102
2008-11-07,85.63,102
2008-11-10,87.35,102
2008-11-11,87.41,102
2008-11-12,79.79,102
2008-11-13,82.27,102
2008-11-14,79.78,102
2008-11-17,80.66,102
2008-11-18,75.77,102
2008-11-19,71.6,102
2008-11-20,79.09,102
2008-11-21,79.7,102
2008-11-24,78.32,102
2008-11-25,81.68,102
2008-11-26,66.47,102
2008-11-27,,102
2008-11-28,80.26,102
2008-12-01,85.31,102
2008-12-02,86.36,102
2008-12-03,88.45,102
2008-12-04,89.34,102
2008-12-05,93.08,102
2008-12-08,92.64,102
2008-12-09,98.93,102
2008-12-10,95.9,102
2008-12-11,100.42,102
2008-12-12,93.05,102
2008-12-15,93.05,102
2008-12-16,93.05,102
2008-12-17,95.12,102
2008-12-18,90.93,102
2008-12-19,86.67,102
2008-12-22,87.63,102
2008-12-23,91.81,102
2008-12-24,90.36,102
2008-12-25,,102
2008-12-26,89.33,102
2008-12-29,95.91,102
2008-12-30,95.88,102
2008-12-31,88.93,102
2009-01-01,,102
2009-01-02,87.67,102
2009-01-05,82.11,102
2009-01-06,79.58,102
2009-01-07,85.46,102
2009-01-08,85.46,102
2009-01-09,80.66,102
2009-01-12,80.66,102
2009-01-13,81.54,102
2009-01-14,76.68,102
2009-01-15,76.22,102
2009-01-16,74.4,102
2009-01-19,,102
2009-01-20,81.83,102
2009-01-21,79.85,102
2009-01-22,81.81,102
2009-01-23,81.31,102
2009-01-26,80.91,102
2009-01-27,83.76,102
2009-01-28,81.57,102
2009-01-29,79.41,102
2009-01-30,77.1,102
2009-02-02,77.89,102
2009-02-03,72.98,102
2009-02-04,70.92,102
2009-02-05,69.23,102
2009-02-06,70.09,102
2009-02-09,68.81,102
2009-02-10,69.82,102
2009-02-11,69.46,102
2009-02-12,68.49,102
2009-02-13,66.06,102
2009-02-16,,102
2009-02-17,76.12,102
2009-02-18,76.8,102
2009-02-19,76.71,102
2009-02-20,74.89,102
2009-02-23,76.36,102
2009-02-24,72.48,102
2009-02-25,69.11,102
2009-02-26,67.7,102
2009-02-27,68.54,102
2009-03-02,76.61,102
2009-03-03,73.1,102
2009-03-04,72.08,102
2009-03-05,72.6,102
2009-03-06,72.36,102
2009-03-09,71.35,102
2009-03-10,78.02,102
2009-03-11,69.24,102
2009-03-12,69.64,102
2009-03-13,65.0,102
2009-03-16,69.68,102
2009-03-17,67.71,102
2009-03-18,65.36,102
2009-03-19,79.59,102
2009-03-20,62.99,102
2009-03-23,66.42,102
2009-03-24,60.82,102
2009-03-25,60.96,102
2009-03-26,59.08,102
2009-03-27,59.28,102
2009-03-30,64.31,102
2009-03-31,78.01,102
2009-04-01,65.06,102
2009-04-02,62.97,102
2009-04-03,61.86,102
2009-04-06,58.62,102
2009-04-07,58.58,102
2009-04-08,56.84,102
2009-04-09,54.97,102
2009-04-10,,102
2009-04-13,57.85,102
2009-04-14,67.77,102
2009-04-15,55.57,102
2009-04-16,69.95,102
2009-04-17,50.12,102
2009-04-20,60.84,102
2009-04-21,54.75,102
2009-04-22,53.6,102
2009-04-23,53.88,102
2009-04-24,52.81,102
2009-04-27,56.75,102
2009-04-28,55.41,102
2009-04-29,53.71,102
2009-04-30,52.75,102
2009-05-01,50.2,102
2009-05-04,49.01,102
2009-05-05,47.4,102
2009-05-06,46.88,102
2009-05-07,47.4,102
2009-05-08,44.89,102
2009-05-11,45.23,102
2009-05-12,44.98,102
2009-05-13,46.85,102
2009-05-14,45.66,102
2009-05-15,46.01,102
2009-05-18,42.21,102
2009-05-19,41.25,102
2009-05-20,40.74,102
2009-05-21,41.56,102
2009-05-22,40.95,102
2009-05-25,,102
2009-05-26,41.97,102
2009-05-27,41.94,102
2009-05-28,40.81,102
2009-05-29,41.32,102
2009-06-01,42.46,102
2009-06-02,42.15,102
2009-06-03,45.29,102
2009-06-04,46.14,102
2009-06-05,45.75,102
2009-06-08,46.6,102
2009-06-09,45.89,102
2009-06-10,46.97,102
2009-06-11,47.25,102
2009-06-12,46.39,102
2009-06-15,46.84,102
2009-06-16,47.4,102
2009-06-17,47.32,102
2009-06-18,46.64,102
2009-06-19,45.16,102
2009-06-22,46.95,102
2009-06-23,45.55,102
2009-06-24,44.46,102
2009-06-25,41.0,102
2009-06-26,40.33,102
2009-06-29,41.26,102
2009-06-30,42.78,102
2009-07-01,43.01,102
2009-07-02,45.67,102
2009-07-03,,102
2009-07-06,49.37,102
2009-07-07,50.25,102
2009-07-08,52.66,102
2009-07-09,51.51,102
2009-07-10,50.88,102
2009-07-13,49.58,102
2009-07-14,48.0,102
2009-07-15,46.79,102
2009-07-16,45.63,102
2009-07-17,44.79,102
2009-07-20,44.65,102
2009-07-21,44.24,102
2009-07-22,44.36,102
2009-07-23,42.34,102
2009-07-24,40.72,102
2009-07-27,42.46,102
2009-07-28,42.97,102
2009-07-29,46.14,102
2009-07-30,45.57,102
2009-07-31,45.72,102
2009-08-03,47.92,102
2009-08-04,47.18,102
2009-08-05,46.7,102
2009-08-06,46.02,102
2009-08-07,45.38,102
2009-08-10,45.7,102
2009-08-11,46.23,102
2009-08-12,45.44,102
2009-08-13,44.79,102
2009-08-14,45.88,102
2009-08-17,46.92,102
2009-08-18,44.5,102
2009-08-19,45.14,102
2009-08-20,45.72,102
2009-08-21,45.68,102
2009-08-24,45.39,102
2009-08-25,45.51,102
2009-08-26,45.97,102
2009-08-27,43.98,102
2009-08-28,43.21,102
2009-08-31,47.09,102
2009-09-01,46.53,102
2009-09-02,45.81,102
2009-09-03,44.6,102
2009-09-04,44.24,102
2009-09-07,,102
2009-09-08,45.91,102
2009-09-09,46.37,102
2009-09-10,44.83,102
2009-09-11,45.07,102
2009-09-14,45.38,102
2009-09-15,43.93,102
2009-09-16,42.4,102
2009-09-17,42.36,102
2009-09-18,41.67,102
2009-09-21,41.4,102
2009-09-22,40.38,102
2009-09-23,41.23,102
2009-09-24,44.28,102
2009-09-25,44.27,102
2009-09-28,43.91,102
2009-09-29,43.74,102
2009-09-30,45.23,102
2009-10-01,45.59,102
2009-10-02,45.22,102
2009-10-05,45.14,102
2009-10-06,45.47,102
2009-10-07,45.25,102
2009-10-08,43.36,102
2009-10-09,43.6,102
2009-10-12,43.2,102
2009-10-13,41.54,102
2009-10-14,42.09,102
2009-10-15,40.09,102
2009-10-16,36.91,102
2009-10-19,38.41,102
2009-10-20,39.06,102
2009-10-21,39.96,102
2009-10-22,40.47,102
2009-10-23,39.5,102
2009-10-26,40.57,102
2009-10-27,39.82,102
2009-10-28,41.24,102
2009-10-29,39.41,102
2009-10-30,41.13,102
2009-11-02,41.78,102
2009-11-03,41.58,102
2009-11-04,40.6,102
2009-11-05,38.98,102
2009-11-06,38.7,102
2009-11-09,39.06,102
2009-11-10,38.12,102
2009-11-11,37.89,102
2009-11-12,38.78,102
2009-11-13,38.67,102
2009-11-16,37.56,102
2009-11-17,37.01,102
2009-11-18,35.69,102
2009-11-19,36.99,102
2009-11-20,36.8,102
2009-11-23,35.67,102
2009-11-24,37.06,102
2009-11-25,36.57,102
2009-11-26,,102
2009-11-27,43.36,102
2009-11-30,41.17,102
2009-12-01,40.23,102
2009-12-02,40.29,102
2009-12-03,40.56,102
2009-12-04,41.18,102
2009-12-07,42.49,102
2009-12-08,42.19,102
2009-12-09,43.08,102
2009-12-10,42.9,102
2009-12-11,43.05,102
2009-12-14,42.16,102
2009-12-15,41.54,102
2009-12-16,39.89,102
2009-12-17,39.08,102
2009-12-18,40.58,102
2009-12-21,39.25,102
2009-12-22,37.81,102
2009-12-23,36.0,102
2009-12-24,35.18,102
2009-12-25,,102
2009-12-28,36.48,102
2009-12-29,35.78,102
2009-12-30,34.95,102
2009-12-31,36.26,102
2010-01-01,,102
2010-01-04,35.44,102
2010-01-05,34.27,102
2010-01-06,34.4,102
2010-01-07,33.61,102
2010-01-08,31.34,102
2010-01-11,30.0,102
2010-01-12,31.61,102
2010-01-13,32.75,102
2010-01-14,30.86,102
2010-01-15,29.8,102
2010-01-18,,102
2010-01-19,28.52,102
2010-01-20,31.15,102
2010-01-21,32.51,102
2010-01-22,34.85,102
2010-01-25,33.33,102
2010-01-26,33.78,102
2010-01-27,34.23,102
2010-01-28,33.28,102
2010-01-29,34.05,102
2010-02-01,32.45,102
2010-02-02,32.44,102
2010-02-03,34.65,102
2010-02-04,38.51,102
2010-02-05,39.99,102
2010-02-08,39.53,102
2010-02-09,38.74,102
2010-02-10,37.91,102
2010-02-11,36.04,102
2010-02-12,36.04,102
2010-02-15,,102
2010-02-16,36.15,102
2010-02-17,35.38,102
2010-02-18,33.36,102
2010-02-19,34.63,102
2010-02-22,33.68,102
2010-02-23,34.88,102
2010-02-24,33.46,102
2010-02-25,33.56,102
2010-02-26,32.82,102
2010-03-01,34.29,102
2010-03-02,34.88,102
2010-03-03,34.53,102
2010-03-04,33.54,102
2010-03-05,32.67,102
2010-03-08,33.22,102
2010-03-09,33.19,102
2010-03-10,33.28,102
2010-03-11,32.7,102
2010-03-12,32.11,102
2010-03-15,33.38,102
2010-03-16,33.22,102
2010-03-17,32.47,102
2010-03-18,31.73,102
2010-03-19,31.85,102
2010-03-22,29.57,102
2010-03-23,29.23,102
2010-03-24,29.34,102
2010-03-25,30.13,102
2010-03-26,30.1,102
2010-03-29,30.17,102
2010-03-30,29.56,102
2010-03-31,29.61,102
2010-04-01,29.24,102
2010-04-02,,102
2010-04-05,29.65,102
2010-04-06,28.8,102
2010-04-07,29.04,102
2010-04-08,29.25,102
2010-04-09,29.15,102
2010-04-12,27.02,102
2010-04-13,27.26,102
2010-04-14,27.14,102
2010-04-15,26.9,102
2010-04-16,27.16,102
2010-04-19,29.02,102
2010-04-20,27.8,102
2010-04-21,27.67,102
2010-04-22,27.65,102
2010-04-23,26.68,102
2010-04-26,28.02,102
2010-04-27,28.02,102
2010-04-28,30.68,102
2010-04-29,29.53,102
2010-04-30,30.25,102
2010-05-03,30.18,102
2010-05-04,32.67,102
2010-05-05,35.61,102
2010-05-06,39.73,102
2010-05-07,42.61,102
2010-05-10,40.05,102
2010-05-11,38.87,102
2010-05-12,36.96,102
2010-05-13,36.46,102
2010-05-14,40.46,102
2010-05-17,41.13,102
2010-05-18,42.96,102
2010-05-19,44.03,102
2010-05-20,46.46,102
2010-05-21,44.57,102
2010-05-24,44.9,102
2010-05-25,45.8,102
2010-05-26,43.45,102
2010-05-27,40.7,102
2010-05-28,40.49,102
2010-05-31,,102
2010-06-01,46.06,102
2010-06-02,42.92,102
2010-06-03,41.72,102
2010-06-04,47.15,102
2010-06-07,46.78,102
2010-06-08,43.85,102
2010-06-09,42.55,102
2010-06-10,38.91,102
2010-06-11,39.37,102
2010-06-14,39.72,102
2010-06-15,37.72,102
2010-06-16,37.38,102
2010-06-17,36.29,102
2010-06-18,35.25,102
2010-06-21,35.36,102
2010-06-22,35.47,102
2010-06-23,36.76,102
2010-06-24,37.41,102
2010-06-25,35.82,102
2010-06-28,36.71,102
2010-06-29,39.16,102
2010-06-30,39.5,102
2010-07-01,41.22,102
2010-07-02,39.19,102
2010-07-05,,102
2010-07-06,40.24,102
2010-07-07,37.75,102
2010-07-08,35.78,102
2010-07-09,34.57,102
2010-07-12,33.2,102
2010-07-13,32.87,102
2010-07-14,33.16,102
2010-07-15,33.24,102
2010-07-16,34.13,102
2010-07-19,34.03,102
2010-07-20,32.43,102
2010-07-21,33.88,102
2010-07-22,33.59,102
2010-07-23,32.44,102
2010-07-26,33.07,102
2010-07-27,32.91,102
2010-07-28,33.79,102
2010-07-29,31.57,102
2010-07-30,31.52,102
2010-08-02,31.62,102
2010-08-03,32.09,102
2010-08-04,31.76,102
2010-08-05,31.32,102
2010-08-06,30.9,102
2010-08-09,31.31,102
2010-08-10,32.08,102
2010-08-11,34.18,102
2010-08-12,34.84,102
2010-08-13,34.62,102
2010-08-16,35.41,102
2010-08-17,33.56,102
2010-08-18,33.9,102
2010-08-19,34.18,102
2010-08-20,33.73,102
2010-08-23,33.56,102
2010-08-24,34.84,102
2010-08-25,33.24,102
2010-08-26,33.08,102
2010-08-27,32.13,102
2010-08-30,32.99,102
2010-08-31,34.51,102
2010-09-01,33.25,102
2010-09-02,32.66,102
2010-09-03,32.11,102
2010-09-06,,102
2010-09-07,33.28,102
2010-09-08,32.82,102
2010-09-09,31.81,102
2010-09-10,31.37,102
2010-09-13,31.72,102
2010-09-14,32.07,102
2010-09-15,31.97,102
2010-09-16,31.69,102
2010-09-17,31.08,102
2010-09-20,31.85,102
2010-09-21,32.81,102
2010-09-22,31.67,102
2010-09-23,31.4,102
2010-09-24,29.88,102
2010-09-27,30.87,102
2010-09-28,30.82,102
2010-09-29,30.8,102
2010-09-30,30.04,102
2010-10-01,30.46,102
2010-10-04,31.37,102
2010-10-05,31.88,102
2010-10-06,30.93,102
2010-10-07,32.29,102
2010-10-08,32.22,102
2010-10-11,33.26,102
2010-10-12,33.26,102
2010-10-13,33.19,102
2010-10-14,32.46,102
2010-10-15,33.42,102
2010-10-18,32.2,102
2010-10-19,33.99,102
2010-10-20,32.39,102
2010-10-21,33.65,102
2010-10-22,32.45,102
2010-10-25,33.05,102
2010-10-26,31.89,102
2010-10-27,32.0,102
2010-10-28,31.56,102
2010-10-29,32.12,102
2010-11-01,32.83,102
2010-11-02,33.33,102
2010-11-03,31.89,102
2010-11-04,30.78,102
2010-11-05,29.86,102
2010-11-08,30.82,102
2010-11-09,30.93,102
2010-11-10,30.25,102
2010-11-11,30.27,102
2010-11-12,30.92,102
2010-11-15,31.13,102
2010-11-16,33.43,102
2010-11-17,33.69,102
2010-11-18,31.49,102
2010-11-19,30.64,102
2010-11-22,30.84,102
2010-11-23,31.6,102
2010-11-24,30.03,102
2010-11-25,,102
2010-11-26,28.82,102
2010-11-29,30.75,102
2010-11-30,31.89,102
2010-12-01,31.17,102
2010-12-02,30.9,102
2010-12-03,31.7,102
2010-12-06,31.5,102
2010-12-07,32.17,102
2010-12-08,30.96,102
2010-12-09,30.41,102
2010-12-10,30.36,102
2010-12-13,29.25,102
2010-12-14,29.0,102
2010-12-15,28.46,102
2010-12-16,27.93,102
2010-12-17,26.82,102
2010-12-20,26.61,102
2010-12-21,25.83,102
2010-12-22,25.5,102
2010-12-23,25.42,102
2010-12-24,,102
2010-12-27,27.48,102
2010-12-28,27.88,102
2010-12-29,27.78,102
2010-12-30,29.27,102
2010-12-31,29.48,102
2011-01-03,28.21,102
2011-01-04,30.26,102
2011-01-05,29.32,102
2011-01-06,30.21,102
2011-01-07,29.64,102
2011-01-10,29.09,102
2011-01-11,28.01,102
2011-01-12,27.53,102
2011-01-13,27.73,102
2011-01-14,26.5,102
2011-01-17,,102
2011-01-18,26.52,102
2011-01-19,27.28,102
2011-01-20,27.4,102
2011-01-21,26.53,102
2011-01-24,27.1,102
2011-01-25,29.98,102
2011-01-26,28.0,102
2011-01-27,29.79,102
2011-01-28,33.26,102
2011-01-31,35.18,102
2011-02-01,33.38,102
2011-02-02,31.83,102
2011-02-03,32.19,102
2011-02-04,32.24,102
2011-02-07,31.56,102
2011-02-08,31.07,102
2011-02-09,30.29,102
2011-02-10,29.86,102
2011-02-11,29.58,102
2011-02-14,30.12,102
2011-02-15,30.47,102
2011-02-16,31.42,102
2011-02-17,31.04,102
2011-02-18,30.82,102
2011-02-21,,102
2011-02-22,38.54,102
2011-02-23,41.92,102
2011-02-24,42.62,102
2011-02-25,42.49,102
2011-02-28,39.05,102
2011-03-01,41.85,102
2011-03-02,42.25,102
2011-03-03,40.42,102
2011-03-04,44.87,102
2011-03-07,45.16,102
2011-03-08,44.21,102
2011-03-09,43.0,102
2011-03-10,42.86,102
2011-03-11,41.36,102
2011-03-14,40.99,102
2011-03-15,42.34,102
2011-03-16,42.82,102
2011-03-17,43.1,102
2011-03-18,41.9,102
2011-03-21,39.1,102
2011-03-22,37.9,102
2011-03-23,36.36,102
2011-03-24,35.98,102
2011-03-25,34.7,102
2011-03-28,34.29,102
2011-03-29,33.49,102
2011-03-30,33.07,102
2011-03-31,34.62,102
2011-04-01,33.91,102
2011-04-04,33.32,102
2011-04-05,32.15,102
2011-04-06,32.4,102
2011-04-07,32.77,102
2011-04-08,35.5,102
2011-04-11,33.86,102
2011-04-12,34.48,102
2011-04-13,32.78,102
2011-04-14,32.38,102
2011-04-15,31.58,102
2011-04-18,30.72,102
2011-04-19,30.0,102
2011-04-20,30.36,102
2011-04-21,30.15,102
2011-04-22,,102
2011-04-25,31.22,102
2011-04-26,30.68,102
2011-04-27,30.39,102
2011-04-28,30.21,102
2011-04-29,30.39,102
2011-05-02,31.82,102
2011-05-03,31.82,102
2011-05-04,31.85,102
2011-05-05,42.51,102
2011-05-06,41.44,102
2011-05-09,42.09,102
2011-05-10,40.45,102
2011-05-11,42.83,102
2011-05-12,42.34,102
2011-05-13,39.73,102
2011-05-16,40.51,102
2011-05-17,38.67,102
2011-05-18,38.6,102
2011-05-19,37.29,102
2011-05-20,37.18,102
2011-05-23,38.73,102
2011-05-24,36.58,102
2011-05-25,35.53,102
2011-05-26,34.01,102
2011-05-27,33.47,102
2011-05-30,,102
2011-05-31,33.51,102
2011-06-01,34.77,102
2011-06-02,33.26,102
2011-06-03,32.37,102
2011-06-06,34.03,102
2011-06-07,33.62,102
2011-06-08,32.83,102
2011-06-09,32.16,102
2011-06-10,33.47,102
2011-06-13,34.69,102
2011-06-14,32.57,102
2011-06-15,35.75,102
2011-06-16,35.59,102
2011-06-17,36.31,102
2011-06-20,35.91,102
2011-06-21,35.72,102
2011-06-22,34.29,102
2011-06-23,34.48,102
2011-06-24,35.08,102
2011-06-27,34.66,102
2011-06-28,32.88,102
2011-06-29,32.29,102
2011-06-30,31.36,102
2011-07-01,30.57,102
2011-07-04,,102
2011-07-05,30.79,102
2011-07-06,31.04,102
2011-07-07,30.96,102
2011-07-08,30.86,102
2011-07-11,33.98,102
2011-07-12,33.3,102
2011-07-13,33.6,102
2011-07-14,33.57,102
2011-07-15,31.88,102
2011-07-18,32.85,102
2011-07-19,31.46,102
2011-07-20,31.18,102
2011-07-21,31.08,102
2011-07-22,30.63,102
2011-07-25,31.23,102
2011-07-26,31.17,102
2011-07-27,32.34,102
2011-07-28,33.13,102
2011-07-29,33.64,102
2011-08-01,34.29,102
2011-08-02,35.27,102
2011-08-03,34.02,102
2011-08-04,42.94,102
2011-08-05,42.37,102
2011-08-08,56.17,102
2011-08-09,61.82,102
2011-08-10,59.45,102
2011-08-11,50.25,102
2011-08-12,49.06,102
2011-08-15,44.66,102
2011-08-16,43.95,102
2011-08-17,42.67,102
2011-08-18,57.42,102
2011-08-19,55.29,102
2011-08-22,52.4,102
2011-08-23,47.67,102
2011-08-24,47.89,102
2011-08-25,51.42,102
2011-08-26,48.12,102
2011-08-29,45.63,102
2011-08-30,44.74,102
2011-08-31,44.33,102
2011-09-01,42.77,102
2011-09-02,45.33,102
2011-09-05,,102
2011-09-06,47.41,102
2011-09-07,44.9,102
2011-09-08,45.7,102
2011-09-09,49.45,102
2011-09-12,48.14,102
2011-09-13,45.14,102
2011-09-14,43.72,102
2011-09-15,42.05,102
2011-09-16,41.7,102
2011-09-19,45.93,102
2011-09-20,45.8,102
2011-09-21,47.35,102
2011-09-22,55.61,102
2011-09-23,54.63,102
2011-09-26,54.31,102
2011-09-27,50.13,102
2011-09-28,53.51,102
2011-09-29,50.62,102
2011-09-30,55.68,102
2011-10-03,58.65,102
2011-10-04,57.09,102
2011-10-05,52.79,102
2011-10-06,50.04,102
2011-10-07,49.71,102
2011-10-10,47.21,102
2011-10-11,47.07,102
2011-10-12,47.53,102
2011-10-13,47.76,102
2011-10-14,45.35,102
2011-10-17,50.14,102
2011-10-18,47.8,102
2011-10-19,50.01,102
2011-10-20,49.52,102
2011-10-21,48.03,102
2011-10-24,45.6,102
2011-10-25,48.27,102
2011-10-26,47.59,102
2011-10-27,43.82,102
2011-10-28,41.58,102
2011-10-31,43.26,102
2011-11-01,46.63,102
2011-11-02,45.56,102
2011-11-03,43.85,102
2011-11-04,42.45,102
2011-11-07,43.3,102
2011-11-08,43.35,102
2011-11-09,48.97,102
2011-11-10,47.84,102
2011-11-11,46.6,102
2011-11-14,46.41,102
2011-11-15,43.05,102
2011-11-16,43.29,102
2011-11-17,42.94,102
2011-11-18,42.94,102
2011-11-21,44.82,102
2011-11-22,42.94,102
2011-11-23,45.19,102
2011-11-24,,102
2011-11-25,69.12,102
2011-11-28,44.52,102
2011-11-29,42.7,102
2011-11-30,41.0,102
2011-12-01,40.89,102
2011-12-02,39.8,102
2011-12-05,39.34,102
2011-12-06,38.23,102
2011-12-07,38.34,102
2011-12-08,40.27,102
2011-12-09,38.87,102
2011-12-12,40.45,102
2011-12-13,39.39,102
2011-12-14,43.82,102
2011-12-15,45.04,102
2011-12-16,41.73,102
2011-12-19,41.27,102
2011-12-20,38.96,102
2011-12-21,36.37,102
2011-12-22,35.81,102
2011-12-23,35.74,102
2011-12-26,,102
2011-12-27,36.95,102
2011-12-28,38.73,102
2011-12-29,38.66,102
2011-12-30,38.74,102
2012-01-02,,102
2012-01-03,40.07,102
2012-01-04,39.04,102
2012-01-05,38.7,102
2012-01-06,37.12,102
2012-01-09,36.52,102
2012-01-10,35.44,102
2012-01-11,35.52,102
2012-01-12,36.59,102
2012-01-13,35.62,102
2012-01-16,,102
2012-01-17,33.97,102
2012-01-18,32.59,102
2012-01-19,33.51,102
2012-01-20,33.35,102
2012-01-23,33.16,102
2012-01-24,33.23,102
2012-01-25,31.93,102
2012-01-26,31.97,102
2012-01-27,31.57,102
2012-01-30,31.74,102
2012-01-31,32.31,102
2012-02-01,32.18,102
2012-02-02,31.81,102
2012-02-03,30.71,102
2012-02-06,31.2,102
2012-02-07,32.41,102
2012-02-08,32.32,102
2012-02-09,32.43,102
2012-02-10,32.83,102
2012-02-13,33.3,102
2012-02-14,33.64,102
2012-02-15,34.85,102
2012-02-16,33.99,102
2012-02-17,33.05,102
2012-02-20,,102
2012-02-21,34.68,102
2012-02-22,33.67,102
2012-02-23,33.21,102
2012-02-24,33.8,102
2012-02-27,34.12,102
2012-02-28,33.52,102
2012-02-29,32.52,102
2012-03-01,33.2,102
2012-03-02,32.91,102
2012-03-05,33.34,102
2012-03-06,34.34,102
2012-03-07,32.93,102
2012-03-08,32.12,102
2012-03-09,31.42,102
2012-03-12,30.0,102
2012-03-13,29.45,102
2012-03-14,29.31,102
2012-03-15,29.44,102
2012-03-16,28.68,102
2012-03-19,26.85,102
2012-03-20,27.87,102
2012-03-21,26.93,102
2012-03-22,27.51,102
2012-03-23,28.17,102
2012-03-26,27.89,102
2012-03-27,27.53,102
2012-03-28,28.03,102
2012-03-29,28.94,102
2012-03-30,29.0,102
2012-04-02,28.46,102
2012-04-03,27.95,102
2012-04-04,28.73,102
2012-04-05,28.03,102
2012-04-06,,102
2012-04-09,29.84,102
2012-04-10,31.62,102
2012-04-11,30.69,102
2012-04-12,29.41,102
2012-04-13,29.61,102
2012-04-16,29.78,102
2012-04-17,28.74,102
2012-04-18,28.36,102
2012-04-19,28.31,102
2012-04-20,27.1,102
2012-04-23,26.91,102
2012-04-24,26.11,102
2012-04-25,25.68,102
2012-04-26,24.62,102
2012-04-27,24.34,102
2012-04-30,25.15,102
2012-05-01,25.12,102
2012-05-02,25.03,102
2012-05-03,27.46,102
2012-05-04,29.79,102
2012-05-07,29.07,102
2012-05-08,29.06,102
2012-05-09,29.27,102
2012-05-10,28.61,102
2012-05-11,28.79,102
2012-05-14,30.96,102
2012-05-15,32.13,102
2012-05-16,31.48,102
2012-05-17,32.62,102
2012-05-18,33.18,102
2012-05-21,30.01,102
2012-05-22,29.75,102
2012-05-23,30.9,102
2012-05-24,30.12,102
2012-05-25,30.19,102
2012-05-28,,102
2012-05-29,30.72,102
2012-05-30,33.32,102
2012-05-31,34.79,102
2012-06-01,41.63,102
2012-06-04,38.58,102
2012-06-05,36.67,102
2012-06-06,35.58,102
2012-06-07,36.9,102
2012-06-08,37.57,102
2012-06-11,42.31,102
2012-06-12,39.45,102
2012-06-13,39.07,102
2012-06-14,36.19,102
2012-06-15,36.28,102
2012-06-18,35.04,102
2012-06-19,32.92,102
2012-06-20,34.66,102
2012-06-21,37.52,102
2012-06-22,35.08,102
2012-06-25,36.84,102
2012-06-26,34.42,102
2012-06-27,33.45,102
2012-06-28,34.58,102
2012-06-29,35.0,102
2012-07-02,36.38,102
2012-07-03,36.38,102
2012-07-04,,102
2012-07-05,38.22,102
2012-07-06,37.51,102
2012-07-09,37.28,102
2012-07-10,37.68,102
2012-07-11,35.97,102
2012-07-12,34.46,102
2012-07-13,33.86,102
2012-07-16,34.01,102
2012-07-17,35.36,102
2012-07-18,34.93,102
2012-07-19,36.74,102
2012-07-20,35.33,102
2012-07-23,37.23,102
2012-07-24,36.27,102
2012-07-25,34.86,102
2012-07-26,34.1,102
2012-07-27,32.99,102
2012-07-30,33.09,102
2012-07-31,34.53,102
2012-08-01,33.98,102
2012-08-02,33.6,102
2012-08-03,33.23,102
2012-08-06,32.07,102
2012-08-07,32.15,102
2012-08-08,31.42,102
2012-08-09,30.78,102
2012-08-10,30.59,102
2012-08-13,29.45,102
2012-08-14,29.84,102
2012-08-15,31.18,102
2012-08-16,31.73,102
2012-08-17,31.19,102
2012-08-20,30.5,102
2012-08-21,30.64,102
2012-08-22,31.07,102
2012-08-23,31.76,102
2012-08-24,32.01,102
2012-08-27,33.42,102
2012-08-28,33.06,102
2012-08-29,32.59,102
2012-08-30,31.95,102
2012-08-31,31.4,102
2012-09-03,,102
2012-09-04,33.61,102
2012-09-05,33.64,102
2012-09-06,34.07,102
2012-09-07,32.77,102
2012-09-10,32.71,102
2012-09-11,32.38,102
2012-09-12,33.33,102
2012-09-13,32.96,102
2012-09-14,34.07,102
2012-09-17,35.64,102
2012-09-18,35.81,102
2012-09-19,36.58,102
2012-09-20,33.58,102
2012-09-21,33.21,102
2012-09-24,34.23,102
2012-09-25,34.35,102
2012-09-26,35.13,102
2012-09-27,33.05,102
2012-09-28,32.45,102
2012-10-01,32.87,102
2012-10-02,32.53,102
2012-10-03,35.15,102
2012-10-04,33.39,102
2012-10-05,32.76,102
2012-10-08,34.05,102
2012-10-09,34.5,102
2012-10-10,35.09,102
2012-10-11,34.52,102
2012-10-12,33.69,102
2012-10-15,33.84,102
2012-10-16,33.54,102
2012-10-17,32.25,102
2012-10-18,30.83,102
2012-10-19,31.91,102
2012-10-22,33.13,102
2012-10-23,34.28,102
2012-10-24,33.61,102
2012-10-25,32.27,102
2012-10-26,32.21,102
2012-10-29,,102
2012-10-30,,102
2012-10-31,32.18,102
2012-11-01,31.29,102
2012-11-02,32.42,102
2012-11-05,32.1,102
2012-11-06,32.02,102
2012-11-07,33.98,102
2012-11-08,33.51,102
2012-11-09,31.54,102
2012-11-12,30.0,102
2012-11-13,31.27,102
2012-11-14,31.5,102
2012-11-15,30.54,102
2012-11-16,31.1,102
2012-11-19,30.97,102
2012-11-20,29.83,102
2012-11-21,29.49,102
2012-11-22,,102
2012-11-23,29.49,102
2012-11-26,29.38,102
2012-11-27,28.65,102
2012-11-28,28.69,102
2012-11-29,28.28,102
2012-11-30,27.62,102
2012-12-03,28.39,102
2012-12-04,28.84,102
2012-12-05,29.13,102
2012-12-06,29.89,102
2012-12-07,29.65,102
2012-12-10,30.32,102
2012-12-11,29.94,102
2012-12-12,29.13,102
2012-12-13,29.63,102
2012-12-14,29.32,102
2012-12-17,28.95,102
2012-12-18,28.56,102
2012-12-19,27.64,102
2012-12-20,27.61,102
2012-12-21,28.88,102
2012-12-24,28.88,102
2012-12-25,,102
2012-12-26,28.73,102
2012-12-27,28.08,102
2012-12-28,28.88,102
2012-12-31,28.45,102
2013-01-01,,102
2013-01-02,27.8,102
2013-01-03,26.83,102
2013-01-04,26.03,102
2013-01-07,25.04,102
2013-01-08,24.3,102
2013-01-09,24.6,102
2013-01-10,24.59,102
2013-01-11,24.57,102
2013-01-14,25.72,102
2013-01-15,25.7,102
2013-01-16,24.39,102
2013-01-17,23.99,102
2013-01-18,21.98,102
2013-01-21,,102
2013-01-22,21.67,102
2013-01-23,22.75,102
2013-01-24,22.48,102
2013-01-25,22.52,102
2013-01-28,22.98,102
2013-01-29,22.97,102
2013-01-30,22.88,102
2013-01-31,22.54,102
2013-02-01,22.4,102
2013-02-04,23.96,102
2013-02-05,23.06,102
2013-02-06,23.39,102
2013-02-07,23.3,102
2013-02-08,23.08,102
2013-02-11,21.68,102
2013-02-12,20.7,102
2013-02-13,21.0,102
2013-02-14,20.21,102
2013-02-15,22.59,102
2013-02-18,,102
2013-02-19,22.44,102
2013-02-20,24.97,102
2013-02-21,27.13,102
2013-02-22,24.58,102
2013-02-25,26.22,102
2013-02-26,25.9,102
2013-02-27,24.33,102
2013-02-28,23.61,102
2013-03-01,23.68,102
2013-03-04,24.28,102
2013-03-05,22.41,102
2013-03-06,22.52,102
2013-03-07,21.29,102
2013-03-08,20.8,102
2013-03-11,19.42,102
2013-03-12,18.77,102
2013-03-13,19.09,102
2013-03-14,18.36,102
2013-03-15,18.76,102
2013-03-18,19.45,102
2013-03-19,21.14,102
2013-03-20,19.58,102
2013-03-21,19.74,102
2013-03-22,19.11,102
2013-03-25,19.08,102
2013-03-26,17.81,102
2013-03-27,17.95,102
2013-03-28,18.19,102
2013-03-29,,102
2013-04-01,19.2,102
2013-04-02,19.33,102
2013-04-03,21.74,102
2013-04-04,21.84,102
2013-04-05,21.39,102
2013-04-08,21.01,102
2013-04-09,20.64,102
2013-04-10,20.55,102
2013-04-11,21.2,102
2013-04-12,22.59,102
2013-04-15,29.84,102
2013-04-16,27.32,102
2013-04-17,31.14,102
2013-04-18,28.53,102
2013-04-19,27.57,102
2013-04-22,25.07,102
2013-04-23,24.43,102
2013-04-24,23.26,102
2013-04-25,22.68,102
2013-04-26,22.51,102
2013-04-29,23.44,102
2013-04-30,24.57,102
2013-05-01,26.68,102
2013-05-02,24.49,102
2013-05-03,24.01,102
2013-05-06,25.16,102
2013-05-07,24.38,102
2013-05-08,22.64,102
2013-05-09,23.24,102
2013-05-10,22.83,102
2013-05-13,23.66,102
2013-05-14,24.12,102
2013-05-15,24.48,102
2013-05-16,24.39,102
2013-05-17,22.82,102
2013-05-20,23.44,102
2013-05-21,23.11,102
2013-05-22,24.45,102
2013-05-23,23.3,102
2013-05-24,22.57,102
2013-05-27,,102
2013-05-28,22.95,102
2013-05-29,24.04,102
2013-05-30,24.21,102
2013-05-31,24.41,102
2013-06-03,24.79,102
2013-06-04,24.64,102
2013-06-05,24.49,102
2013-06-06,23.89,102
2013-06-07,22.41,102
2013-06-10,21.74,102
2013-06-11,21.81,102
2013-06-12,22.72,102
2013-06-13,21.47,102
2013-06-14,21.22,102
2013-06-17,21.04,102
2013-06-18,20.64,102
2013-06-19,19.98,102
2013-06-20,25.9,102
2013-06-21,23.68,102
2013-06-24,24.32,102
2013-06-25,23.63,102
2013-06-26,22.82,102
2013-06-27,23.17,102
2013-06-28,22.37,102
2013-07-01,22.18,102
2013-07-02,22.63,102
2013-07-03,25.7,102
2013-07-04,,102
2013-07-05,26.74,102
2013-07-08,25.37,102
2013-07-09,25.22,102
2013-07-10,26.22,102
2013-07-11,24.58,102
2013-07-12,24.51,102
2013-07-15,23.72,102
2013-07-16,24.5,102
2013-07-17,23.3,102
2013-07-18,23.05,102
2013-07-19,24.08,102
2013-07-22,24.23,102
2013-07-23,23.63,102
2013-07-24,23.77,102
2013-07-25,23.37,102
2013-07-26,22.98,102
2013-07-29,22.79,102
2013-07-30,23.48,102
2013-07-31,22.95,102
2013-08-01,22.28,102
2013-08-02,22.26,102
2013-08-05,22.87,102
2013-08-06,22.64,102
2013-08-07,22.56,102
2013-08-08,22.25,102
2013-08-09,22.64,102
2013-08-12,22.68,102
2013-08-13,22.63,102
2013-08-14,23.15,102
2013-08-15,24.15,102
2013-08-16,23.99,102
2013-08-19,23.48,102
2013-08-20,24.18,102
2013-08-21,24.33,102
2013-08-22,23.26,102
2013-08-23,22.7,102
2013-08-26,23.43,102
2013-08-27,27.19,102
2013-08-28,29.79,102
2013-08-29,27.41,102
2013-08-30,28.1,102
2013-09-02,,102
2013-09-03,29.41,102
2013-09-04,28.73,102
2013-09-05,27.44,102
2013-09-06,28.1,102
2013-09-09,27.93,102
2013-09-10,27.12,102
2013-09-11,24.32,102
2013-09-12,23.57,102
2013-09-13,23.18,102
2013-09-16,23.03,102
2013-09-17,23.17,102
2013-09-18,22.81,102
2013-09-19,21.51,102
2013-09-20,21.38,102
2013-09-23,22.27,102
2013-09-24,22.5,102
2013-09-25,22.32,102
2013-09-26,21.77,102
2013-09-27,21.84,102
2013-09-30,22.98,102
2013-10-01,22.57,102
2013-10-02,21.52,102
2013-10-03,21.62,102
2013-10-04,21.49,102
2013-10-07,22.01,102
2013-10-08,21.95,102
2013-10-09,23.24,102
2013-10-10,21.39,102
2013-10-11,21.55,102
2013-10-14,22.52,102
2013-10-15,23.52,102
2013-10-16,21.73,102
2013-10-17,21.22,102
2013-10-18,20.12,102
2013-10-21,20.91,102
2013-10-22,21.62,102
2013-10-23,23.28,102
2013-10-24,21.88,102
2013-10-25,20.28,102
2013-10-28,20.57,102
2013-10-29,20.64,102
2013-10-30,20.95,102
2013-10-31,20.59,102
2013-11-01,21.29,102
2013-11-04,21.74,102
2013-11-05,22.18,102
2013-11-06,20.98,102
2013-11-07,20.79,102
2013-11-08,19.7,102
2013-11-11,19.69,102
2013-11-12,20.32,102
2013-11-13,19.63,102
2013-11-14,19.92,102
2013-11-15,19.39,102
2013-11-18,19.71,102
2013-11-19,19.83,102
2013-11-20,19.87,102
2013-11-21,18.69,102
2013-11-22,18.1,102
2013-11-25,19.23,102
2013-11-26,18.64,102
2013-11-27,19.62,102
2013-11-28,,102
2013-11-29,20.0,102
2013-12-02,20.28,102
2013-12-03,19.49,102
2013-12-04,19.06,102
2013-12-05,18.59,102
2013-12-06,17.95,102
2013-12-09,18.1,102
2013-12-10,17.95,102
2013-12-11,17.98,102
2013-12-12,18.19,102
2013-12-13,18.42,102
2013-12-16,17.49,102
2013-12-17,17.7,102
2013-12-18,17.26,102
2013-12-19,16.7,102
2013-12-20,15.86,102
2013-12-23,15.42,102
2013-12-24,15.26,102
2013-12-25,,102
2013-12-26,15.2,102
2013-12-27,15.74,102
2013-12-30,16.53,102
2013-12-31,17.76,102
2014-01-01,,102
2014-01-02,20.24,102
2014-01-03,20.6,102
2014-01-06,20.7,102
2014-01-07,19.67,102
2014-01-08,20.17,102
2014-01-09,19.51,102
2014-01-10,19.47,102
2014-01-13,19.75,102
2014-01-14,19.81,102
2014-01-15,18.7,102
2014-01-16,17.91,102
2014-01-17,17.12,102
2014-01-20,,102
2014-01-21,18.26,102
2014-01-22,18.17,102
2014-01-23,18.79,102
2014-01-24,19.46,102
2014-01-27,20.89,102
2014-01-28,20.83,102
2014-01-29,20.81,102
2014-01-30,19.76,102
2014-01-31,20.35,102
2014-02-03,21.65,102
2014-02-04,21.47,102
2014-02-05,20.65,102
2014-02-06,19.65,102
2014-02-07,19.03,102
2014-02-10,19.18,102
2014-02-11,19.05,102
2014-02-12,19.23,102
2014-02-13,19.0,102
2014-02-14,17.95,102
2014-02-17,,102
2014-02-18,18.43,102
2014-02-19,18.35,102
2014-02-20,17.59,102
2014-02-21,17.9,102
2014-02-24,18.16,102
2014-02-25,18.47,102
2014-02-26,18.48,102
2014-02-27,18.81,102
2014-02-28,18.71,102
2014-03-03,20.9,102
2014-03-04,19.88,102
2014-03-05,20.29,102
2014-03-06,19.96,102
2014-03-07,20.01,102
2014-03-10,20.33,102
2014-03-11,20.67,102
2014-03-12,20.9,102
2014-03-13,20.83,102
2014-03-14,21.7,102
2014-03-17,20.34,102
2014-03-18,20.25,102
2014-03-19,19.88,102
2014-03-20,19.69,102
2014-03-21,19.46,102
2014-03-24,19.52,102
2014-03-25,19.19,102
2014-03-26,19.17,102
2014-03-27,19.28,102
2014-03-28,19.15,102
2014-03-31,19.26,102
2014-04-01,19.61,102
2014-04-02,19.79,102
2014-04-03,18.45,102
2014-04-04,18.28,102
2014-04-07,18.64,102
2014-04-08,18.89,102
2014-04-09,18.55,102
2014-04-10,18.72,102
2014-04-11,18.39,102
2014-04-14,18.71,102
2014-04-15,18.71,102
2014-04-16,18.9,102
2014-04-17,18.93,102
2014-04-18,,102
2014-04-21,18.28,102
2014-04-22,18.81,102
2014-04-23,18.46,102
2014-04-24,18.36,102
2014-04-25,18.88,102
2014-04-28,19.14,102
2014-04-29,19.19,102
2014-04-30,19.37,102
2014-05-01,18.44,102
2014-05-02,17.8,102
2014-05-05,18.55,102
2014-05-06,17.96,102
2014-05-07,17.71,102
2014-05-08,17.49,102
2014-05-09,17.0,102
2014-05-12,16.65,102
2014-05-13,16.86,102
2014-05-14,16.72,102
2014-05-15,15.94,102
2014-05-16,15.42,102
2014-05-19,15.9,102
2014-05-20,16.2,102
2014-05-21,16.38,102
2014-05-22,16.05,102
2014-05-23,15.89,102
2014-05-26,,102
2014-05-27,16.1,102
2014-05-28,16.02,102
2014-05-29,15.55,102
2014-05-30,15.61,102
2014-06-02,15.52,102
2014-06-03,15.53,102
2014-06-04,15.41,102
2014-06-05,15.14,102
2014-06-06,14.5,102
2014-06-09,14.67,102
2014-06-10,14.74,102
2014-06-11,14.67,102
2014-06-12,19.17,102
2014-06-13,19.47,102
2014-06-16,19.52,102
2014-06-17,17.4,102
2014-06-18,17.28,102
2014-06-19,18.05,102
2014-06-20,18.84,102
2014-06-23,18.05,102
2014-06-24,17.93,102
2014-06-25,17.7,102
2014-06-26,16.97,102
2014-06-27,16.44,102
2014-06-30,16.52,102
2014-07-01,16.24,102
2014-07-02,15.87,102
2014-07-03,15.59,102
2014-07-04,,102
2014-07-07,16.36,102
2014-07-08,16.31,102
2014-07-09,16.36,102
2014-07-10,16.46,102
2014-07-11,17.26,102
2014-07-14,18.1,102
2014-07-15,17.96,102
2014-07-16,16.88,102
2014-07-17,17.87,102
2014-07-18,17.39,102
2014-07-21,16.97,102
2014-07-22,17.1,102
2014-07-23,16.73,102
2014-07-24,15.95,102
2014-07-25,16.67,102
2014-07-28,16.37,102
2014-07-29,16.79,102
2014-07-30,17.11,102
2014-07-31,18.78,102
2014-08-01,19.39,102
2014-08-04,18.92,102
2014-08-05,19.1,102
2014-08-06,18.81,102
2014-08-07,18.85,102
2014-08-08,18.88,102
2014-08-11,17.54,102
2014-08-12,17.55,102
2014-08-13,17.19,102
2014-08-14,17.86,102
2014-08-15,18.59,102
2014-08-18,19.52,102
2014-08-19,19.38,102
2014-08-20,17.96,102
2014-08-21,17.25,102
2014-08-22,16.51,102
2014-08-25,16.92,102
2014-08-26,16.68,102
2014-08-27,16.47,102
2014-08-28,16.52,102
2014-08-29,16.68,102
2014-09-01,,102
2014-09-02,18.34,102
2014-09-03,18.49,102
2014-09-04,18.95,102
2014-09-05,18.52,102
2014-09-08,20.43,102
2014-09-09,19.68,102
2014-09-10,20.49,102
2014-09-11,20.63,102
2014-09-12,19.53,102
2014-09-15,20.17,102
2014-09-16,18.93,102
2014-09-17,19.18,102
2014-09-18,18.98,102
2014-09-19,18.56,102
2014-09-22,19.98,102
2014-09-23,20.73,102
2014-09-24,19.8,102
2014-09-25,20.07,102
2014-09-26,19.42,102
2014-09-29,19.86,102
2014-09-30,21.52,102
2014-10-01,22.38,102
2014-10-02,23.36,102
2014-10-03,24.22,102
2014-10-06,24.62,102
2014-10-07,25.09,102
2014-10-08,25.28,102
2014-10-09,27.72,102
2014-10-10,30.03,102
2014-10-13,31.32,102
2014-10-14,37.23,102
2014-10-15,36.36,102
2014-10-16,34.09,102
2014-10-17,31.16,102
2014-10-20,29.36,102
2014-10-21,27.14,102
2014-10-22,30.68,102
2014-10-23,31.78,102
2014-10-24,31.27,102
2014-10-27,32.44,102
2014-10-28,30.11,102
2014-10-29,28.93,102
2014-10-30,30.45,102
2014-10-31,30.52,102
2014-11-03,31.84,102
2014-11-04,33.13,102
2014-11-05,31.39,102
2014-11-06,30.34,102
2014-11-07,29.47,102
2014-11-10,30.72,102
2014-11-11,30.79,102
2014-11-12,30.71,102
2014-11-13,33.12,102
2014-11-14,32.99,102
2014-11-17,34.39,102
2014-11-18,33.17,102
2014-11-19,33.14,102
2014-11-20,33.64,102
2014-11-21,34.92,102
2014-11-24,36.28,102
2014-11-25,37.49,102
2014-11-26,36.02,102
2014-11-27,,102
2014-11-28,36.44,102
2014-12-01,37.49,102
2014-12-02,38.57,102
2014-12-03,36.16,102
2014-12-04,35.39,102
2014-12-05,34.2,102
2014-12-08,39.68,102
2014-12-09,37.56,102
2014-12-10,42.21,102
2014-12-11,44.95,102
2014-12-12,49.77,102
2014-12-15,57.55,102
2014-12-16,55.77,102
2014-12-17,56.75,102
2014-12-18,57.45,102
2014-12-19,54.84,102
2014-12-22,54.82,102
2014-12-23,53.97,102
2014-12-24,54.88,102
2014-12-25,,102
2014-12-26,54.68,102
2014-12-29,53.63,102
2014-12-30,51.17,102
2014-12-31,50.24,102
2015-01-01,,102
2015-01-02,54.25,102
2015-01-05,57.67,102
2015-01-06,56.45,102
2015-01-07,53.25,102
2015-01-08,50.96,102
2015-01-09,50.07,102
2015-01-12,53.13,102
2015-01-13,53.78,102
2015-01-14,53.17,102
2015-01-15,57.77,102
2015-01-16,56.44,102
2015-01-19,,102
2015-01-20,57.99,102
2015-01-21,55.09,102
2015-01-22,56.4,102
2015-01-23,57.62,102
2015-01-26,56.65,102
2015-01-27,54.23,102
2015-01-28,55.18,102
2015-01-29,54.69,102
2015-01-30,58.62,102
2015-02-02,57.84,102
2015-02-03,59.68,102
2015-02-04,62.73,102
2015-02-05,63.14,102
2015-02-06,60.83,102
2015-02-09,56.0,102
2015-02-10,59.29,102
2015-02-11,60.23,102
2015-02-12,58.69,102
2015-02-13,55.53,102
2015-02-16,,102
2015-02-17,56.33,102
2015-02-18,55.97,102
2015-02-19,55.75,102
2015-02-20,54.0,102
2015-02-23,58.67,102
2015-02-24,56.27,102
2015-02-25,54.93,102
2015-02-26,56.46,102
2015-02-27,55.85,102
2015-03-02,54.92,102
2015-03-03,53.05,102
2015-03-04,48.92,102
2015-03-05,47.09,102
2015-03-06,48.96,102
2015-03-09,48.99,102
2015-03-10,50.92,102
2015-03-11,49.17,102
2015-03-12,49.59,102
2015-03-13,54.56,102
2015-03-16,56.93,102
2015-03-17,59.85,102
2015-03-18,53.65,102
2015-03-19,53.82,102
2015-03-20,50.84,102
2015-03-23,49.32,102
2015-03-24,47.94,102
2015-03-25,47.03,102
2015-03-26,49.58,102
2015-03-27,52.84,102
2015-03-30,51.98,102
2015-03-31,53.72,102
2015-04-01,50.9,102
2015-04-02,49.84,102
2015-04-03,,102
2015-04-06,48.33,102
2015-04-07,46.25,102
2015-04-08,48.1,102
2015-04-09,46.65,102
2015-04-10,43.04,102
2015-04-13,44.2,102
2015-04-14,44.65,102
2015-04-15,46.14,102
2015-04-16,43.48,102
2015-04-17,42.0,102
2015-04-20,42.06,102
2015-04-21,41.04,102
2015-04-22,39.01,102
2015-04-23,37.98,102
2015-04-24,36.61,102
2015-04-27,37.46,102
2015-04-28,37.31,102
2015-04-29,36.68,102
2015-04-30,36.28,102
2015-05-01,35.62,102
2015-05-04,36.2,102
2015-05-05,36.24,102
2015-05-06,36.88,102
2015-05-07,38.13,102
2015-05-08,35.09,102
2015-05-11,34.86,102
2015-05-12,33.74,102
2015-05-13,34.33,102
2015-05-14,32.63,102
2015-05-15,29.95,102
2015-05-18,30.63,102
2015-05-19,34.82,102
2015-05-20,33.7,102
2015-05-21,31.61,102
2015-05-22,31.29,102
2015-05-25,,102
2015-05-26,34.66,102
2015-05-27,35.29,102
2015-05-28,34.2,102
2015-05-29,33.74,102
2015-06-01,35.3,102
2015-06-02,35.74,102
2015-06-03,37.4,102
2015-06-04,38.42,102
2015-06-05,33.54,102
2015-06-08,34.04,102
2015-06-09,33.01,102
2015-06-10,31.79,102
2015-06-11,31.76,102
2015-06-12,31.51,102
2015-06-15,32.55,102
2015-06-16,32.39,102
2015-06-17,32.83,102
2015-06-18,31.59,102
2015-06-19,30.4,102
2015-06-22,30.06,102
2015-06-23,29.69,102
2015-06-24,29.6,102
2015-06-25,29.26,102
2015-06-26,29.01,102
2015-06-29,33.64,102
2015-06-30,32.43,102
2015-07-01,34.11,102
2015-07-02,33.8,102
2015-07-03,,102
2015-07-06,40.01,102
2015-07-07,40.54,102
2015-07-08,42.2,102
2015-07-09,42.04,102
2015-07-10,41.22,102
2015-07-13,38.08,102
2015-07-14,36.31,102
2015-07-15,37.25,102
2015-07-16,35.92,102
2015-07-17,34.68,102
2015-07-20,36.39,102
2015-07-21,34.97,102
2015-07-22,37.66,102
2015-07-23,38.46,102
2015-07-24,39.0,102
2015-07-27,41.15,102
2015-07-28,39.94,102
2015-07-29,38.59,102
2015-07-30,37.33,102
2015-07-31,38.82,102
2015-08-03,40.91,102
2015-08-04,40.12,102
2015-08-05,40.18,102
2015-08-06,41.54,102
2015-08-07,41.17,102
2015-08-10,40.99,102
2015-08-11,42.16,102
2015-08-12,42.4,102
2015-08-13,43.23,102
2015-08-14,40.92,102
2015-08-17,40.35,102
2015-08-18,39.48,102
2015-08-19,41.29,102
2015-08-20,42.58,102
2015-08-21,44.66,102
2015-08-24,50.11,102
2015-08-25,49.0,102
2015-08-26,46.87,102
2015-08-27,49.03,102
2015-08-28,51.56,102
2015-08-31,54.37,102
2015-09-01,57.51,102
2015-09-02,53.75,102
2015-09-03,50.44,102
2015-09-04,49.29,102
2015-09-07,,102
2015-09-08,50.14,102
2015-09-09,49.5,102
2015-09-10,50.05,102
2015-09-11,49.63,102
2015-09-14,49.81,102
2015-09-15,51.14,102
2015-09-16,50.24,102
2015-09-17,45.34,102
2015-09-18,45.84,102
2015-09-21,47.51,102
2015-09-22,48.9,102
2015-09-23,51.12,102
2015-09-24,49.44,102
2015-09-25,47.71,102
2015-09-28,49.46,102
2015-09-29,49.32,102
2015-09-30,45.52,102
2015-10-01,44.61,102
2015-10-02,42.86,102
2015-10-05,43.03,102
2015-10-06,44.14,102
2015-10-07,43.26,102
2015-10-08,43.28,102
2015-10-09,42.8,102
2015-10-12,44.9,102
2015-10-13,45.37,102
2015-10-14,42.7,102
2015-10-15,41.99,102
2015-10-16,39.58,102
2015-10-19,40.74,102
2015-10-20,41.72,102
2015-10-21,41.77,102
2015-10-22,40.22,102
2015-10-23,41.51,102
2015-10-26,42.99,102
2015-10-27,44.77,102
2015-10-28,44.29,102
2015-10-29,43.63,102
2015-10-30,41.95,102
2015-11-02,41.88,102
2015-11-03,41.27,102
2015-11-04,41.54,102
2015-11-05,39.29,102
2015-11-06,39.85,102
2015-11-09,41.34,102
2015-11-10,39.34,102
2015-11-11,41.92,102
2015-11-12,43.93,102
2015-11-13,46.26,102
2015-11-16,47.44,102
2015-11-17,46.63,102
2015-11-18,43.53,102
2015-11-19,43.75,102
2015-11-20,44.93,102
2015-11-23,45.84,102
2015-11-24,47.17,102
2015-11-25,48.46,102
2015-11-26,,102
2015-11-27,48.28,102
2015-11-30,48.14,102
2015-12-01,49.28,102
2015-12-02,51.96,102
2015-12-03,50.65,102
2015-12-04,45.44,102
2015-12-07,49.0,102
2015-12-08,50.34,102
2015-12-09,51.53,102
2015-12-10,51.23,102
2015-12-11,54.29,102
2015-12-14,55.36,102
2015-12-15,50.03,102
2015-12-16,47.64,102
2015-12-17,47.45,102
2015-12-18,49.43,102
2015-12-21,49.18,102
2015-12-22,48.84,102
2015-12-23,47.39,102
2015-12-24,44.81,102
2015-12-25,,102
2015-12-28,47.0,102
2015-12-29,45.27,102
2015-12-30,46.01,102
2015-12-31,46.57,102
2016-01-01,,102
2016-01-04,49.79,102
2016-01-05,49.68,102
2016-01-06,52.36,102
2016-01-07,56.15,102
2016-01-08,56.1,102
2016-01-11,62.98,102
2016-01-12,65.27,102
2016-01-13,60.67,102
2016-01-14,57.56,102
2016-01-15,62.09,102
2016-01-18,,102
2016-01-19,64.04,102
2016-01-20,67.93,102
2016-01-21,65.79,102
2016-01-22,61.86,102
2016-01-25,65.74,102
2016-01-26,65.89,102
2016-01-27,65.62,102
2016-01-28,65.99,102
2016-01-29,61.86,102
2016-02-01,66.63,102
2016-02-02,68.59,102
2016-02-03,67.71,102
2016-02-04,66.78,102
2016-02-05,66.67,102
2016-02-08,68.38,102
2016-02-09,72.29,102
2016-02-10,72.5,102
2016-02-11,77.79,102
2016-02-12,78.97,102
2016-02-15,,102
2016-02-16,71.53,102
2016-02-17,69.47,102
2016-02-18,67.49,102
2016-02-19,62.46,102
2016-02-22,62.84,102
2016-02-23,65.03,102
2016-02-24,66.09,102
2016-02-25,63.74,102
2016-02-26,59.96,102
2016-02-29,60.01,102
2016-03-01,56.84,102
2016-03-02,53.37,102
2016-03-03,52.57,102
2016-03-04,51.89,102
2016-03-07,52.8,102
2016-03-08,54.04,102
2016-03-09,51.74,102
2016-03-10,51.98,102
2016-03-11,50.25,102
2016-03-14,50.17,102
2016-03-15,48.98,102
2016-03-16,43.98,102
2016-03-17,46.22,102
2016-03-18,44.98,102
2016-03-21,45.09,102
2016-03-22,44.12,102
2016-03-23,44.58,102
2016-03-24,44.96,102
2016-03-25,,102
2016-03-28,45.98,102
2016-03-29,46.63,102
2016-03-30,46.38,102
2016-03-31,45.91,102
2016-04-01,47.76,102
2016-04-04,50.89,102
2016-04-05,50.16,102
2016-04-06,46.16,102
2016-04-07,46.5,102
2016-04-08,47.42,102
2016-04-11,49.04,102
2016-04-12,48.78,102
2016-04-13,48.79,102
2016-04-14,46.37,102
2016-04-15,51.27,102
2016-04-18,46.45,102
2016-04-19,43.93,102
2016-04-20,43.67,102
2016-04-21,43.76,102
2016-04-22,41.97,102
2016-04-25,44.24,102
2016-04-26,43.51,102
2016-04-27,43.64,102
2016-04-28,42.84,102
2016-04-29,42.52,102
2016-05-02,45.15,102
2016-05-03,45.78,102
2016-05-04,44.76,102
2016-05-05,44.82,102
2016-05-06,42.47,102
2016-05-09,44.14,102
2016-05-10,42.28,102
2016-05-11,42.02,102
2016-05-12,41.5,102
2016-05-13,41.57,102
2016-05-16,42.03,102
2016-05-17,42.75,102
2016-05-18,42.87,102
2016-05-19,42.4,102
2016-05-20,40.17,102
2016-05-23,39.44,102
2016-05-24,38.02,102
2016-05-25,35.94,102
2016-05-26,36.56,102
2016-05-27,35.97,102
2016-05-30,,102
2016-05-31,38.08,102
2016-06-01,40.0,102
2016-06-02,36.64,102
2016-06-03,34.81,102
2016-06-06,35.61,102
2016-06-07,36.19,102
2016-06-08,35.17,102
2016-06-09,35.9,102
2016-06-10,39.95,102
2016-06-13,42.72,102
2016-06-14,43.07,102
2016-06-15,42.58,102
2016-06-16,44.49,102
2016-06-17,41.35,102
2016-06-20,38.99,102
2016-06-21,40.37,102
2016-06-22,43.25,102
2016-06-23,40.1,102
2016-06-24,43.33,102
2016-06-27,42.85,102
2016-06-28,40.18,102
2016-06-29,38.29,102
2016-06-30,38.09,102
2016-07-01,36.18,102
2016-07-04,,102
2016-07-05,40.08,102
2016-07-06,41.43,102
2016-07-07,43.24,102
2016-07-08,41.41,102
2016-07-11,42.51,102
2016-07-12,39.67,102
2016-07-13,43.1,102
2016-07-14,38.3,102
2016-07-15,36.66,102
2016-07-18,38.15,102
2016-07-19,37.2,102
2016-07-20,37.02,102
2016-07-21,38.13,102
2016-07-22,38.85,102
2016-07-25,40.97,102
2016-07-26,41.27,102
2016-07-27,41.6,102
2016-07-28,42.93,102
2016-07-29,41.08,102
2016-08-01,44.22,102
2016-08-02,45.7,102
2016-08-03,44.64,102
2016-08-04,43.1,102
2016-08-05,41.5,102
2016-08-08,41.14,102
2016-08-09,39.76,102
2016-08-10,39.32,102
2016-08-11,39.29,102
2016-08-12,37.78,102
2016-08-15,37.28,102
2016-08-16,37.45,102
2016-08-17,35.12,102
2016-08-18,36.75,102
2016-08-19,34.88,102
2016-08-22,36.41,102
2016-08-23,37.53,102
2016-08-24,37.46,102
2016-08-25,36.76,102
2016-08-26,36.05,102
2016-08-29,36.72,102
2016-08-30,38.03,102
2016-08-31,39.5,102
2016-09-01,41.22,102
2016-09-02,38.64,102
2016-09-05,,102
2016-09-06,39.85,102
2016-09-07,38.63,102
2016-09-08,38.21,102
2016-09-09,39.72,102
2016-09-12,39.16,102
2016-09-13,41.1,102
2016-09-14,42.47,102
2016-09-15,40.9,102
2016-09-16,39.86,102
2016-09-19,39.66,102
2016-09-20,40.99,102
2016-09-21,39.85,102
2016-09-22,41.57,102
2016-09-23,43.89,102
2016-09-26,44.9,102
2016-09-27,43.88,102
2016-09-28,45.24,102
2016-09-29,42.05,102
2016-09-30,39.31,102
2016-10-03,38.04,102
2016-10-04,37.66,102
2016-10-05,36.65,102
2016-10-06,35.92,102
2016-10-07,36.6,102
2016-10-10,36.57,102
2016-10-11,38.08,102
2016-10-12,39.05,102
2016-10-13,37.22,102
2016-10-14,35.55,102
2016-10-17,34.88,102
2016-10-18,36.37,102
2016-10-19,32.72,102
2016-10-20,32.48,102
2016-10-21,32.51,102
2016-10-24,32.79,102
2016-10-25,33.93,102
2016-10-26,35.39,102
2016-10-27,35.86,102
2016-10-28,37.76,102
2016-10-31,40.96,102
2016-11-01,40.08,102
2016-11-02,40.86,102
2016-11-03,41.49,102
2016-11-04,43.69,102
2016-11-07,44.2,102
2016-11-08,43.56,102
2016-11-09,41.25,102
2016-11-10,42.44,102
2016-11-11,45.31,102
2016-11-14,50.17,102
2016-11-15,49.43,102
2016-11-16,50.09,102
2016-11-17,47.37,102
2016-11-18,46.56,102
2016-11-21,45.71,102
2016-11-22,46.69,102
2016-11-23,47.54,102
2016-11-24,,102
2016-11-25,53.46,102
2016-11-28,52.56,102
2016-11-29,55.09,102
2016-11-30,44.25,102
2016-12-01,40.45,102
2016-12-02,35.51,102
2016-12-05,37.0,102
2016-12-06,37.11,102
2016-12-07,36.05,102
2016-12-08,35.03,102
2016-12-09,35.21,102
2016-12-12,30.3,102
2016-12-13,31.35,102
2016-12-14,33.97,102
2016-12-15,33.58,102
2016-12-16,29.18,102
2016-12-19,29.23,102
2016-12-20,27.43,102
2016-12-21,28.39,102
2016-12-22,30.29,102
2016-12-23,29.9,102
2016-12-26,,102
2016-12-27,30.0,102
2016-12-28,29.91,102
2016-12-29,30.01,102
2016-12-30,30.83,102
2017-01-02,,102
2017-01-03,32.88,102
2017-01-04,32.36,102
2017-01-05,31.56,102
2017-01-06,30.47,102
2017-01-09,33.73,102
2017-01-10,33.61,102
2017-01-11,32.95,102
2017-01-12,32.37,102
2017-01-13,30.73,102
2017-01-16,,102
2017-01-17,31.25,102
2017-01-18,31.24,102
2017-01-19,30.88,102
2017-01-20,29.19,102
2017-01-23,30.79,102
2017-01-24,29.59,102
2017-01-25,30.41,102
2017-01-26,29.59,102
2017-01-27,29.78,102
2017-01-30,30.94,102
2017-01-31,31.33,102
2017-02-01,30.65,102
2017-02-02,29.39,102
2017-02-03,28.11,102
2017-02-06,29.37,102
2017-02-07,29.61,102
2017-02-08,29.09,102
2017-02-09,28.25,102
2017-02-10,26.43,102
2017-02-13,26.99,102
2017-02-14,27.49,102
2017-02-15,27.75,102
2017-02-16,27.37,102
2017-02-17,25.29,102
2017-02-20,,102
2017-02-21,25.79,102
2017-02-22,27.09,102
2017-02-23,25.79,102
2017-02-24,25.72,102
2017-02-27,25.01,102
2017-02-28,25.46,102
2017-03-01,24.67,102
2017-03-02,25.94,102
2017-03-03,25.59,102
2017-03-06,26.96,102
2017-03-07,26.46,102
2017-03-08,31.74,102
2017-03-09,31.98,102
2017-03-10,33.45,102
2017-03-13,32.39,102
2017-03-14,33.19,102
2017-03-15,30.08,102
2017-03-16,28.63,102
2017-03-17,27.45,102
2017-03-20,28.11,102
2017-03-21,30.57,102
2017-03-22,30.05,102
2017-03-23,29.79,102
2017-03-24,30.99,102
2017-03-27,30.78,102
2017-03-28,29.92,102
2017-03-29,28.54,102
2017-03-30,27.82,102
2017-03-31,27.59,102
2017-04-03,26.89,102
2017-04-04,27.97,102
2017-04-05,27.73,102
2017-04-06,26.79,102
2017-04-07,27.46,102
2017-04-10,26.71,102
2017-04-11,27.27,102
2017-04-12,26.92,102
2017-04-13,26.02,102
2017-04-14,,102
2017-04-17,25.8,102
2017-04-18,26.88,102
2017-04-19,29.81,102
2017-04-20,27.96,102
2017-04-21,30.06,102
2017-04-24,29.88,102
2017-04-25,29.39,102
2017-04-26,29.32,102
2017-04-27,29.88,102
2017-04-28,28.55,102
2017-05-01,29.42,102
2017-05-02,32.23,102
2017-05-03,32.8,102
2017-05-04,34.67,102
2017-05-05,33.83,102
2017-05-08,33.85,102
2017-05-09,34.21,102
2017-05-10,34.02,102
2017-05-11,33.72,102
2017-05-12,33.72,102
2017-05-15,33.1,102
2017-05-16,33.44,102
2017-05-17,33.9,102
2017-05-18,32.8,102
2017-05-19,29.76,102
2017-05-22,30.59,102
2017-05-23,31.77,102
2017-05-24,30.94,102
2017-05-25,33.03,102
2017-05-26,30.04,102
2017-05-29,,102
2017-05-30,30.3,102
2017-05-31,32.29,102
2017-06-01,31.19,102
2017-06-02,32.47,102
2017-06-05,33.71,102
2017-06-06,32.12,102
2017-06-07,34.23,102
2017-06-08,33.84,102
2017-06-09,32.59,102
2017-06-12,33.95,102
2017-06-13,32.34,102
2017-06-14,32.02,102
2017-06-15,31.9,102
2017-06-16,27.93,102
2017-06-19,30.34,102
2017-06-20,32.49,102
2017-06-21,33.32,102
2017-06-22,32.65,102
2017-06-23,31.92,102
2017-06-26,31.77,102
2017-06-27,32.28,102
2017-06-28,30.8,102
2017-06-29,30.46,102
2017-06-30,28.7,102
2017-07-03,30.26,102
2017-07-04,,102
2017-07-05,32.61,102
2017-07-06,32.82,102
2017-07-07,33.17,102
2017-07-10,33.23,102
2017-07-11,33.61,102
2017-07-12,32.48,102
2017-07-13,31.76,102
2017-07-14,30.28,102
2017-07-17,30.61,102
2017-07-18,29.96,102
2017-07-19,29.55,102
2017-07-20,29.25,102
2017-07-21,29.25,102
2017-07-24,29.24,102
2017-07-25,29.18,102
2017-07-26,29.44,102
2017-07-27,29.81,102
2017-07-28,29.86,102
2017-07-31,30.84,102
2017-08-01,30.54,102
2017-08-02,30.43,102
2017-08-03,29.65,102
2017-08-04,28.53,102
2017-08-07,28.73,102
2017-08-08,29.44,102
2017-08-09,29.06,102
2017-08-10,29.27,102
2017-08-11,28.41,102
2017-08-14,29.16,102
2017-08-15,29.31,102
2017-08-16,29.18,102
2017-08-17,29.31,102
2017-08-18,27.53,102
2017-08-21,28.77,102
2017-08-22,27.97,102
2017-08-23,27.8,102
2017-08-24,28.37,102
2017-08-25,28.88,102
2017-08-28,30.39,102
2017-08-29,30.49,102
2017-08-30,29.78,102
2017-08-31,29.1,102
2017-09-01,28.97,102
2017-09-04,,102
2017-09-05,29.58,102
2017-09-06,30.07,102
2017-09-07,29.73,102
2017-09-08,29.49,102
2017-09-11,27.73,102
2017-09-12,27.59,102
2017-09-13,26.62,102
2017-09-14,26.09,102
2017-09-15,26.65,102
2017-09-18,27.53,102
2017-09-19,25.76,102
2017-09-20,26.99,102
2017-09-21,26.3,102
2017-09-22,26.39,102
2017-09-25,26.93,102
2017-09-26,27.8,102
2017-09-27,27.29,102
2017-09-28,27.18,102
2017-09-29,26.83,102
2017-10-02,27.72,102
2017-10-03,27.95,102
2017-10-04,27.04,102
2017-10-05,26.45,102
2017-10-06,27.59,102
2017-10-09,27.32,102
2017-10-10,26.54,102
2017-10-11,26.43,102
2017-10-12,25.85,102
2017-10-13,25.73,102
2017-10-16,26.32,102
2017-10-17,25.87,102
2017-10-18,26.41,102
2017-10-19,26.3,102
2017-10-20,24.51,102
2017-10-23,25.08,102
2017-10-24,25.6,102
2017-10-25,25.44,102
2017-10-26,25.22,102
2017-10-27,25.18,102
2017-10-30,25.33,102
2017-10-31,25.31,102
2017-11-01,25.65,102
2017-11-02,25.65,102
2017-11-03,24.82,102
2017-11-06,26.85,102
2017-11-07,28.75,102
2017-11-08,27.99,102
2017-11-09,28.37,102
2017-11-10,29.4,102
2017-11-13,30.22,102
2017-11-14,30.08,102
2017-11-15,29.84,102
2017-11-16,28.42,102
2017-11-17,26.96,102
2017-11-20,27.18,102
2017-11-21,26.64,102
2017-11-22,26.83,102
2017-11-23,,102
2017-11-24,26.88,102
2017-11-27,28.36,102
2017-11-28,28.13,102
2017-11-29,28.02,102
2017-11-30,25.95,102
2017-12-01,23.73,102
2017-12-04,23.68,102
2017-12-05,23.13,102
2017-12-06,23.13,102
2017-12-07,23.13,102
2017-12-08,23.85,102
2017-12-11,22.96,102
2017-12-12,22.84,102
2017-12-13,23.49,102
2017-12-14,23.0,102
2017-12-15,21.25,102
2017-12-18,18.43,102
2017-12-19,18.88,102
2017-12-20,19.46,102
2017-12-21,17.86,102
2017-12-22,19.26,102
2017-12-25,,102
2017-12-26,20.99,102
2017-12-27,20.64,102
2017-12-28,20.71,102
2017-12-29,21.32,102
2018-01-01,,102
2018-01-02,22.73,102
2018-01-03,22.75,102
2018-01-04,22.12,102
2018-01-05,22.3,102
2018-01-08,21.9,102
2018-01-09,22.96,102
2018-01-10,23.52,102
2018-01-11,23.52,102
2018-01-12,23.52,102
2018-01-15,,102
2018-01-16,26.41,102
2018-01-17,24.78,102
2018-01-18,24.38,102
2018-01-19,21.2,102
2018-01-22,22.03,102
2018-01-23,22.34,102
2018-01-24,23.93,102
2018-01-25,22.35,102
2018-01-26,22.29,102
2018-01-29,22.73,102
2018-01-30,22.9,102
2018-01-31,22.23,102
2018-02-01,22.24,102
2018-02-02,23.8,102
2018-02-05,25.91,102
2018-02-06,26.59,102
2018-02-07,26.79,102
2018-02-08,29.5,102
2018-02-09,29.85,102
2018-02-12,29.42,102
2018-02-13,30.39,102
2018-02-14,27.73,102
2018-02-15,27.57,102
2018-02-16,26.97,102
2018-02-19,,102
2018-02-20,27.58,102
2018-02-21,26.93,102
2018-02-22,24.98,102
2018-02-23,24.37,102
2018-02-26,24.36,102
2018-02-27,25.29,102
2018-02-28,26.92,102
2018-03-01,26.98,102
2018-03-02,26.15,102
2018-03-05,26.3,102
2018-03-06,25.55,102
2018-03-07,26.94,102
2018-03-08,26.16,102
2018-03-09,26.23,102
2018-03-12,24.02,102
2018-03-13,25.5,102
2018-03-14,25.21,102
2018-03-15,25.07,102
2018-03-16,24.53,102
2018-03-19,25.28,102
2018-03-20,25.3,102
2018-03-21,25.95,102
2018-03-22,26.47,102
2018-03-23,27.56,102
2018-03-26,27.71,102
2018-03-27,27.38,102
2018-03-28,26.67,102
2018-03-29,25.07,102
2018-03-30,,102
2018-04-02,27.53,102
2018-04-03,26.89,102
2018-04-04,26.17,102
2018-04-05,24.38,102
2018-04-06,24.99,102
2018-04-09,25.64,102
2018-04-10,28.05,102
2018-04-11,29.42,102
2018-04-12,28.73,102
2018-04-13,28.52,102
2018-04-16,28.84,102
2018-04-17,27.88,102
2018-04-18,29.42,102
2018-04-19,29.36,102
2018-04-20,28.99,102
2018-04-23,28.97,102
2018-04-24,29.15,102
2018-04-25,28.16,102
2018-04-26,26.86,102
2018-04-27,25.59,102
2018-04-30,28.28,102
2018-05-01,28.07,102
2018-05-02,27.32,102
2018-05-03,26.69,102
2018-05-04,26.17,102
2018-05-07,28.86,102
2018-05-08,26.76,102
2018-05-09,26.71,102
2018-05-10,26.61,102
2018-05-11,25.74,102
2018-05-14,25.93,102
2018-05-15,26.61,102
2018-05-16,25.73,102
2018-05-17,25.11,102
2018-05-18,25.23,102
2018-05-21,25.79,102
2018-05-22,25.89,102
2018-05-23,26.04,102
2018-05-24,25.37,102
2018-05-25,27.76,102
2018-05-28,,102
2018-05-29,29.04,102
2018-05-30,27.9,102
2018-05-31,27.61,102
2018-06-01,28.65,102
2018-06-04,29.49,102
2018-06-05,29.3,102
2018-06-06,29.14,102
2018-06-07,28.05,102
2018-06-08,27.59,102
2018-06-11,26.86,102
2018-06-12,26.58,102
2018-06-13,27.08,102
2018-06-14,26.69,102
2018-06-15,27.64,102
2018-06-18,27.58,102
2018-06-19,28.01,102
2018-06-20,28.06,102
2018-06-21,27.78,102
2018-06-22,25.52,102
2018-06-25,26.1,102
2018-06-26,25.67,102
2018-06-27,27.69,102
2018-06-28,27.35,102
2018-06-29,27.18,102
2018-07-02,28.65,102
2018-07-03,28.58,102
2018-07-04,,102
2018-07-05,28.77,102
2018-07-06,28.13,102
2018-07-09,28.12,102
2018-07-10,26.9,102
2018-07-11,28.56,102
2018-07-12,27.81,102
2018-07-13,27.54,102
2018-07-16,29.01,102
2018-07-17,28.0,102
2018-07-18,27.24,102
2018-07-19,26.84,102
2018-07-20,26.01,102
2018-07-23,26.15,102
2018-07-24,25.65,102
2018-07-25,25.34,102
2018-07-26,24.88,102
2018-07-27,24.97,102
2018-07-30,25.83,102
2018-07-31,26.52,102
2018-08-01,26.45,102
2018-08-02,25.73,102
2018-08-03,25.61,102
2018-08-06,25.42,102
2018-08-07,25.22,102
2018-08-08,26.41,102
2018-08-09,25.4,102
2018-08-10,25.45,102
2018-08-13,25.31,102
2018-08-14,26.18,102
2018-08-15,27.26,102
2018-08-16,26.33,102
2018-08-17,25.71,102
2018-08-20,25.26,102
2018-08-21,25.08,102
2018-08-22,24.72,102
2018-08-23,24.35,102
2018-08-24,23.31,102
2018-08-27,23.68,102
2018-08-28,24.5,102
2018-08-29,24.32,102
2018-08-30,24.89,102
2018-08-31,25.02,102
2018-09-03,,102
2018-09-04,26.7,102
2018-09-05,26.62,102
2018-09-06,26.16,102
2018-09-07,26.07,102
2018-09-10,26.13,102
2018-09-11,27.14,102
2018-09-12,26.94,102
2018-09-13,26.7,102
2018-09-14,26.4,102
2018-09-17,26.49,102
2018-09-18,26.8,102
2018-09-19,26.35,102
2018-09-20,26.07,102
2018-09-21,26.15,102
2018-09-24,26.97,102
2018-09-25,26.83,102
2018-09-26,26.53,102
2018-09-27,26.45,102
2018-09-28,26.73,102
2018-10-01,27.95,102
2018-10-02,27.68,102
2018-10-03,28.04,102
2018-10-04,28.9,102
2018-10-05,28.84,102
2018-10-08,28.86,102
2018-10-09,27.9,102
2018-10-10,28.81,102
2018-10-11,29.29,102
2018-10-12,27.73,102
2018-10-15,28.59,102
2018-10-16,28.59,102
2018-10-17,28.13,102
2018-10-18,28.53,102
2018-10-19,27.42,102
2018-10-22,27.76,102
2018-10-23,29.38,102
2018-10-24,29.8,102
2018-10-25,28.5,102
2018-10-26,29.09,102
2018-10-29,29.46,102
2018-10-30,29.9,102
2018-10-31,30.12,102
2018-11-01,31.54,102
2018-11-02,32.21,102
2018-11-05,32.68,102
2018-11-06,34.15,102
2018-11-07,33.05,102
2018-11-08,32.23,102
2018-11-09,35.1,102
2018-11-12,40.14,102
2018-11-13,55.71,102
2018-11-14,47.07,102
2018-11-15,43.87,102
2018-11-16,40.56,102
2018-11-19,43.45,102
2018-11-20,56.56,102
2018-11-21,51.79,102
2018-11-22,,102
2018-11-23,65.17,102
2018-11-26,57.87,102
2018-11-27,54.64,102
2018-11-28,53.99,102
2018-11-29,53.96,102
2018-11-30,56.04,102
2018-12-03,49.61,102
2018-12-04,49.84,102
2018-12-05,,102
2018-12-06,50.13,102
2018-12-07,41.83,102
2018-12-10,45.06,102
2018-12-11,41.46,102
2018-12-12,39.9,102
2018-12-13,39.25,102
2018-12-14,42.38,102
2018-12-17,46.59,102
2018-12-18,53.35,102
2018-12-19,50.86,102
2018-12-20,52.89,102
2018-12-21,51.76,102
2018-12-24,56.73,102
2018-12-25,,102
2018-12-26,54.07,102
2018-12-27,57.16,102
2018-12-28,53.11,102
2018-12-31,51.87,102
2019-01-01,,102
2019-01-02,54.72,102
2019-01-03,53.57,102
2019-01-04,51.52,102
2019-01-07,50.42,102
2019-01-08,46.08,102
2019-01-09,44.36,102
2019-01-10,42.99,102
2019-01-11,40.99,102
2019-01-14,40.81,102
2019-01-15,39.75,102
2019-01-16,38.77,102
2019-01-17,37.03,102
2019-01-18,35.63,102
2019-01-21,,102
2019-01-22,38.26,102
2019-01-23,37.69,102
2019-01-24,36.75,102
2019-01-25,35.21,102
2019-01-28,37.61,102
2019-01-29,37.13,102
2019-01-30,35.59,102
2019-01-31,34.97,102
2019-02-01,33.4,102
2019-02-04,33.7,102
2019-02-05,34.57,102
2019-02-06,33.02,102
2019-02-07,34.34,102
2019-02-08,32.56,102
2019-02-11,33.34,102
2019-02-12,32.69,102
2019-02-13,32.26,102
2019-02-14,32.1,102
2019-02-15,29.46,102
2019-02-18,,102
2019-02-19,31.0,102
2019-02-20,30.76,102
2019-02-21,30.16,102
2019-02-22,29.85,102
2019-02-25,32.69,102
2019-02-26,31.57,102
2019-02-27,31.01,102
2019-02-28,30.27,102
2019-03-01,30.31,102
2019-03-04,30.2,102
2019-03-05,30.21,102
2019-03-06,29.69,102
2019-03-07,30.43,102
2019-03-08,29.77,102
2019-03-11,29.18,102
2019-03-12,28.56,102
2019-03-13,28.13,102
2019-03-14,27.22,102
2019-03-15,26.27,102
2019-03-18,26.48,102
2019-03-19,28.44,102
2019-03-20,27.21,102
2019-03-21,27.14,102
2019-03-22,27.78,102
2019-03-25,29.32,102
2019-03-26,27.92,102
2019-03-27,28.11,102
2019-03-28,28.52,102
2019-03-29,26.75,102
2019-04-01,26.23,102
2019-04-02,26.28,102
2019-04-03,25.57,102
2019-04-04,25.22,102
2019-04-05,24.0,102
2019-04-08,24.33,102
2019-04-09,24.66,102
2019-04-10,24.68,102
2019-04-11,25.7,102
2019-04-12,25.7,102
2019-04-15,25.51,102
2019-04-16,25.57,102
2019-04-17,25.19,102
2019-04-18,24.45,102
2019-04-19,,102
2019-04-22,26.07,102
2019-04-23,26.56,102
2019-04-24,25.28,102
2019-04-25,25.57,102
2019-04-26,31.24,102
2019-04-29,29.04,102
2019-04-30,29.31,102
2019-05-01,29.41,102
2019-05-02,30.49,102
2019-05-03,29.88,102
2019-05-06,30.91,102
2019-05-07,34.07,102
2019-05-08,32.23,102
2019-05-09,32.48,102
2019-05-10,32.8,102
2019-05-13,34.6,102
2019-05-14,32.13,102
2019-05-15,29.26,102
2019-05-16,29.42,102
2019-05-17,29.44,102
2019-05-20,27.63,102
2019-05-21,26.93,102
2019-05-22,28.19,102
2019-05-23,33.79,102
2019-05-24,33.19,102
2019-05-27,,102
2019-05-28,34.36,102
2019-05-29,36.43,102
2019-05-30,39.62,102
2019-05-31,46.91,102
2019-06-03,46.78,102
2019-06-04,43.46,102
2019-06-05,45.19,102
2019-06-06,40.66,102
2019-06-07,38.75,102
2019-06-10,39.12,102
2019-06-11,38.69,102
2019-06-12,43.06,102
2019-06-13,41.56,102
2019-06-14,42.89,102
2019-06-17,46.15,102
2019-06-18,43.43,102
2019-06-19,40.79,102
2019-06-20,41.66,102
2019-06-21,42.13,102
2019-06-24,41.0,102
2019-06-25,40.26,102
2019-06-26,38.45,102
2019-06-27,37.84,102
2019-06-28,39.46,102
2019-07-01,35.92,102
2019-07-02,37.77,102
2019-07-03,36.72,102
2019-07-04,,102
2019-07-05,34.7,102
2019-07-08,34.0,102
2019-07-09,30.3,102
2019-07-10,30.76,102
2019-07-11,29.86,102
2019-07-12,30.39,102
2019-07-15,30.83,102
2019-07-16,32.06,102
2019-07-17,34.94,102
2019-07-18,33.07,102
2019-07-19,34.84,102
2019-07-22,33.63,102
2019-07-23,32.25,102
2019-07-24,32.86,102
2019-07-25,31.95,102
2019-07-26,32.29,102
2019-07-29,31.63,102
2019-07-30,30.07,102
2019-07-31,30.77,102
2019-08-01,36.43,102
2019-08-02,35.56,102
2019-08-05,37.04,102
2019-08-06,36.43,102
2019-08-07,38.1,102
2019-08-08,35.98,102
2019-08-09,35.14,102
2019-08-12,34.43,102
2019-08-13,33.19,102
2019-08-14,35.83,102
2019-08-15,36.2,102
2019-08-16,35.02,102
2019-08-19,32.99,102
2019-08-20,32.34,102
2019-08-21,32.39,102
2019-08-22,32.39,102
2019-08-23,35.2,102
2019-08-26,35.42,102
2019-08-27,33.73,102
2019-08-28,32.72,102
2019-08-29,31.82,102
2019-08-30,32.16,102
2019-09-02,,102
2019-09-03,35.73,102
2019-09-04,34.56,102
2019-09-05,33.5,102
2019-09-06,33.21,102
2019-09-09,33.28,102
2019-09-10,33.55,102
2019-09-11,34.94,102
2019-09-12,35.58,102
2019-09-13,35.48,102
2019-09-16,48.58,102
2019-09-17,44.89,102
2019-09-18,40.44,102
2019-09-19,41.15,102
2019-09-20,38.99,102
2019-09-23,39.06,102
2019-09-24,38.74,102
2019-09-25,38.37,102
2019-09-26,37.52,102
2019-09-27,38.9,102
2019-09-30,38.75,102
2019-10-01,38.88,102
2019-10-02,39.62,102
2019-10-03,40.4,102
2019-10-04,39.31,102
2019-10-07,39.42,102
2019-10-08,39.49,102
2019-10-09,38.0,102
2019-10-10,39.52,102
2019-10-11,39.65,102
2019-10-14,40.21,102
2019-10-15,39.47,102
2019-10-16,39.47,102
2019-10-17,37.71,102
2019-10-18,36.43,102
2019-10-21,36.66,102
2019-10-22,35.52,102
2019-10-23,35.66,102
2019-10-24,35.95,102
2019-10-25,34.64,102
2019-10-28,35.64,102
2019-10-29,35.7,102
2019-10-30,34.36,102
2019-10-31,35.84,102
2019-11-01,34.37,102
2019-11-04,35.63,102
2019-11-05,33.77,102
2019-11-06,33.22,102
2019-11-07,31.45,102
2019-11-08,31.45,102
2019-11-11,34.22,102
2019-11-12,33.74,102
2019-11-13,35.15,102
2019-11-14,33.94,102
2019-11-15,32.42,102
2019-11-18,33.68,102
2019-11-19,32.94,102
2019-11-20,32.2,102
2019-11-21,31.59,102
2019-11-22,32.38,102
2019-11-25,31.9,102
2019-11-26,31.25,102
2019-11-27,30.82,102
2019-11-28,,102
2019-11-29,36.73,102
2019-12-02,34.97,102
2019-12-03,35.05,102
2019-12-04,32.21,102
2019-12-05,30.41,102
2019-12-06,30.02,102
2019-12-09,30.02,102
2019-12-10,27.94,102
2019-12-11,27.81,102
2019-12-12,27.44,102
2019-12-13,26.76,102
2019-12-16,26.51,102
2019-12-17,26.33,102
2019-12-18,26.77,102
2019-12-19,24.8,102
2019-12-20,25.54,102
2019-12-23,25.11,102
2019-12-24,25.46,102
2019-12-25,,102
2019-12-26,24.08,102
2019-12-27,25.16,102
2019-12-30,25.86,102
2019-12-31,28.3,102
2020-01-01,,102
2020-01-02,28.75,102
2020-01-03,31.92,102
2020-01-06,32.32,102
2020-01-07,31.8,102
2020-01-08,32.6,102
2020-01-09,33.22,102
2020-01-10,30.38,102
2020-01-13,34.25,102
2020-01-14,33.62,102
2020-01-15,33.38,102
2020-01-16,29.79,102
2020-01-17,28.6,102
2020-01-20,,102
2020-01-21,27.66,102
2020-01-22,30.7,102
2020-01-23,31.95,102
2020-01-24,34.55,102
2020-01-27,37.72,102
2020-01-28,36.42,102
2020-01-29,35.73,102
2020-01-30,37.49,102
2020-01-31,40.35,102
2020-02-03,41.81,102
2020-02-04,39.44,102
2020-02-05,37.88,102
2020-02-06,36.44,102
2020-02-07,37.51,102
2020-02-10,39.01,102
2020-02-11,37.52,102
2020-02-12,35.58,102
2020-02-13,35.84,102
2020-02-14,35.93,102
2020-02-17,,102
2020-02-18,33.47,102
2020-02-19,32.27,102
2020-02-20,33.16,102
2020-02-21,35.87,102
2020-02-24,39.53,102
2020-02-25,42.5,102
2020-02-26,43.4,102
2020-02-27,49.42,102
2020-02-28,51.25,102
2020-03-02,48.33,102
2020-03-03,50.8,102
2020-03-04,50.59,102
2020-03-05,52.58,102
2020-03-06,65.02,102
2020-03-09,115.92,102
2020-03-10,92.93,102
2020-03-11,105.25,102
2020-03-12,123.45,102
2020-03-13,118.48,102
2020-03-16,128.5,102
2020-03-17,133.32,102
2020-03-18,166.79,102
2020-03-19,164.06,102
2020-03-20,190.08,102
2020-03-23,185.68,102
2020-03-24,170.86,102
2020-03-25,144.03,102
2020-03-26,150.06,102
2020-03-27,175.88,102
2020-03-30,174.22,102
2020-03-31,170.55,102
2020-04-01,158.98,102
2020-04-02,162.65,102
2020-04-03,141.68,102
2020-04-06,144.19,102
2020-04-07,139.13,102
2020-04-08,141.46,102
2020-04-09,129.88,102
2020-04-10,,102
2020-04-13,114.44,102
2020-04-14,115.48,102
2020-04-15,120.38,102
2020-04-16,115.1,102
2020-04-17,95.91,102
2020-04-20,226.13,102
2020-04-21,325.15,102
2020-04-22,236.8,102
2020-04-23,211.0,102
2020-04-24,173.53,102
2020-04-27,185.47,102
2020-04-28,198.77,102
2020-04-29,195.59,102
2020-04-30,104.98,102
2020-05-01,110.18,102
2020-05-04,97.42,102
2020-05-05,97.27,102
2020-05-06,115.39,102
2020-05-07,110.62,102
2020-05-08,98.7,102
2020-05-11,109.72,102
2020-05-12,86.86,102
2020-05-13,82.83,102
2020-05-14,80.05,102
2020-05-15,76.39,102
2020-05-18,76.14,102
2020-05-19,73.22,102
2020-05-20,73.62,102
2020-05-21,89.06,102
2020-05-22,84.98,102
2020-05-25,,102
2020-05-26,75.47,102
2020-05-27,73.89,102
2020-05-28,72.98,102
2020-05-29,69.23,102
2020-06-01,64.38,102
2020-06-02,64.71,102
2020-06-03,65.73,102
2020-06-04,65.13,102
2020-06-05,64.2,102
2020-06-08,67.24,102
2020-06-09,67.76,102
2020-06-10,63.06,102
2020-06-11,69.96,102
2020-06-12,70.22,102
2020-06-15,68.11,102
2020-06-16,66.63,102
2020-06-17,61.45,102
2020-06-18,61.35,102
2020-06-19,58.73,102
2020-06-22,56.76,102
2020-06-23,58.83,102
2020-06-24,64.96,102
2020-06-25,62.69,102
2020-06-26,63.69,102
2020-06-29,60.04,102
2020-06-30,57.66,102
2020-07-01,53.43,102
2020-07-02,51.29,102
2020-07-03,,102
2020-07-06,50.73,102
2020-07-07,51.39,102
2020-07-08,48.85,102
2020-07-09,53.77,102
2020-07-10,49.71,102
2020-07-13,53.41,102
2020-07-14,53.04,102
2020-07-15,47.05,102
2020-07-16,46.12,102
2020-07-17,40.22,102
2020-07-20,42.59,102
2020-07-21,41.1,102
2020-07-22,41.3,102
2020-07-23,43.83,102
2020-07-24,42.35,102
2020-07-27,41.37,102
2020-07-28,41.09,102
2020-07-29,39.58,102
2020-07-30,42.06,102
2020-07-31,44.43,102
2020-08-03,41.56,102
2020-08-04,40.28,102
2020-08-05,37.12,102
2020-08-06,37.59,102
2020-08-07,37.43,102
2020-08-10,35.74,102
2020-08-11,37.5,102
2020-08-12,34.74,102
2020-08-13,34.87,102
2020-08-14,35.1,102
2020-08-17,32.43,102
2020-08-18,31.7,102
2020-08-19,32.85,102
2020-08-20,32.83,102
2020-08-21,33.68,102
2020-08-24,32.25,102
2020-08-25,33.03,102
2020-08-26,33.79,102
2020-08-27,33.74,102
2020-08-28,32.06,102
2020-08-31,32.59,102
2020-09-01,31.74,102
2020-09-02,35.49,102
2020-09-03,41.28,102
2020-09-04,44.02,102
2020-09-07,,102
2020-09-08,55.9,102
2020-09-09,49.42,102
2020-09-10,52.16,102
2020-09-11,50.13,102
2020-09-14,49.41,102
2020-09-15,45.19,102
2020-09-16,41.13,102
2020-09-17,38.73,102
2020-09-18,39.07,102
2020-09-21,42.89,102
2020-09-22,41.28,102
2020-09-23,44.64,102
2020-09-24,42.88,102
2020-09-25,41.41,102
2020-09-28,40.64,102
2020-09-29,46.13,102
2020-09-30,44.0,102
2020-10-01,49.35,102
2020-10-02,55.51,102
2020-10-05,49.44,102
2020-10-06,46.6,102
2020-10-07,45.5,102
2020-10-08,41.15,102
2020-10-09,42.38,102
2020-10-12,44.04,102
2020-10-13,46.07,102
2020-10-14,43.53,102
2020-10-15,43.83,102
2020-10-16,44.06,102
2020-10-19,43.35,102
2020-10-20,43.85,102
2020-10-21,47.58,102
2020-10-22,46.61,102
2020-10-23,46.32,102
2020-10-26,53.05,102
2020-10-27,50.22,102
2020-10-28,59.61,102
2020-10-29,63.38,102
2020-10-30,68.84,102
2020-11-02,66.73,102
2020-11-03,63.63,102
2020-11-04,54.53,102
2020-11-05,53.69,102
2020-11-06,55.75,102
2020-11-09,52.2,102
2020-11-10,49.64,102
2020-11-11,49.24,102
2020-11-12,50.9,102
2020-11-13,48.24,102
2020-11-16,46.89,102
2020-11-17,45.08,102
2020-11-18,46.06,102
2020-11-19,46.34,102
2020-11-20,43.94,102
2020-11-23,42.79,102
2020-11-24,42.84,102
2020-11-25,43.56,102
2020-11-26,,102
2020-11-27,46.21,102
2020-11-30,47.37,102
2020-12-01,47.81,102
2020-12-02,45.68,102
2020-12-03,40.95,102
2020-12-04,38.34,102
2020-12-07,37.68,102
2020-12-08,37.7,102
2020-12-09,39.52,102
2020-12-10,39.7,102
2020-12-11,39.51,102
2020-12-14,39.96,102
2020-12-15,39.34,102
2020-12-16,38.68,102
2020-12-17,36.86,102
2020-12-18,37.15,102
2020-12-21,41.56,102
2020-12-22,42.06,102
2020-12-23,39.89,102
2020-12-24,39.41,102
2020-12-25,,102
2020-12-28,39.67,102
2020-12-29,38.64,102
2020-12-30,38.01,102
2020-12-31,37.83,102
2021-01-01,,102
2021-01-04,42.12,102
2021-01-05,40.39,102
2021-01-06,39.31,102
2021-01-07,36.06,102
2021-01-08,36.65,102
2021-01-11,35.31,102
2021-01-12,33.85,102
2021-01-13,36.79,102
2021-01-14,37.95,102
2021-01-15,40.39,102
2021-01-18,,102
2021-01-19,35.37,102
2021-01-20,35.67,102
2021-01-21,35.05,102
2021-01-22,36.25,102
2021-01-25,38.02,102
2021-01-26,37.13,102
2021-01-27,40.21,102
2021-01-28,40.45,102
2021-01-29,40.2,102
2021-02-01,39.16,102
2021-02-02,38.62,102
2021-02-03,37.11,102
2021-02-04,35.37,102
2021-02-05,34.94,102
2021-02-08,34.48,102
2021-02-09,33.54,102
2021-02-10,33.77,102
2021-02-11,34.33,102
2021-02-12,34.25,102
2021-02-15,,102
2021-02-16,35.13,102
2021-02-17,36.9,102
2021-02-18,37.9,102
2021-02-19,37.76,102
2021-02-22,38.57,102
2021-02-23,39.75,102
2021-02-24,39.58,102
2021-02-25,40.58,102
2021-02-26,42.49,102
2021-03-01,42.56,102
2021-03-02,40.96,102
2021-03-03,39.83,102
2021-03-04,37.27,102
2021-03-05,36.61,102
2021-03-08,38.89,102
2021-03-09,37.97,102
2021-03-10,37.56,102
2021-03-11,37.86,102
2021-03-12,37.51,102
2021-03-15,39.38,102
2021-03-16,39.1,102
2021-03-17,37.4,102
2021-03-18,48.44,102
2021-03-19,44.38,102
2021-03-22,40.28,102
2021-03-23,48.62,102
2021-03-24,64.91,102
2021-03-25,49.88,102
2021-03-26,44.93,102
2021-03-29,44.16,102
2021-03-30,41.46,102
2021-03-31,45.65,102
2021-04-01,40.15,102
2021-04-02,40.15,102
2021-04-05,42.0,102
2021-04-06,42.41,102
2021-04-07,41.27,102
2021-04-08,40.7,102
2021-04-09,39.19,102
2021-04-12,37.04,102
2021-04-13,35.2,102
2021-04-14,35.7,102
2021-04-15,34.2,102
2021-04-16,32.79,102
2021-04-19,35.07,102
2021-04-20,35.68,102
2021-04-21,42.44,102
2021-04-22,39.39,102
2021-04-23,38.7,102
2021-04-26,41.23,102
2021-04-27,38.44,102
2021-04-28,36.42,102
2021-04-29,36.37,102
2021-04-30,38.39,102
2021-05-03,40.15,102
2021-05-04,37.15,102
2021-05-05,38.33,102
2021-05-06,37.74,102
2021-05-07,37.63,102
2021-05-10,37.99,102
2021-05-11,37.93,102
2021-05-12,36.94,102
2021-05-13,37.94,102
2021-05-14,36.46,102
2021-05-17,36.42,102
2021-05-18,37.01,102
2021-05-19,38.82,102
2021-05-20,39.43,102
2021-05-21,39.34,102
2021-05-24,35.54,102
2021-05-25,36.23,102
2021-05-26,33.89,102
2021-05-27,33.63,102
2021-05-28,33.54,102
2021-05-31,,102
2021-06-01,33.43,102
2021-06-02,32.77,102
2021-06-03,33.89,102
2021-06-04,31.76,102
2021-06-07,31.7,102
2021-06-08,31.95,102
2021-06-09,31.79,102
2021-06-10,33.03,102
2021-06-11,32.55,102
2021-06-14,33.13,102
2021-06-15,31.56,102
2021-06-16,33.83,102
2021-06-17,36.84,102
2021-06-18,33.95,102
2021-06-21,35.01,102
2021-06-22,34.28,102
2021-06-23,34.68,102
2021-06-24,32.05,102
2021-06-25,31.3,102
2021-06-28,31.86,102
2021-06-29,31.99,102
2021-06-30,32.74,102
2021-07-01,32.47,102
2021-07-02,32.87,102
2021-07-05,,102
2021-07-06,37.59,102
2021-07-07,42.01,102
2021-07-08,38.8,102
2021-07-09,37.02,102
2021-07-12,38.73,102
2021-07-13,35.4,102
2021-07-14,38.2,102
2021-07-15,38.04,102
2021-07-16,37.15,102
2021-07-19,46.36,102
2021-07-20,52.26,102
2021-07-21,42.91,102
2021-07-22,36.44,102
2021-07-23,34.05,102
2021-07-26,35.59,102
2021-07-27,35.14,102
2021-07-28,34.62,102
2021-07-29,33.36,102
2021-07-30,32.85,102
2021-08-02,36.23,102
2021-08-03,37.55,102
2021-08-04,42.27,102
2021-08-05,39.09,102
2021-08-06,39.31,102
2021-08-09,43.28,102
2021-08-10,39.28,102
2021-08-11,38.32,102
2021-08-12,36.5,102
2021-08-13,35.91,102
2021-08-16,38.84,102
2021-08-17,39.5,102
2021-08-18,40.86,102
2021-08-19,40.98,102
2021-08-20,40.67,102
2021-08-23,38.67,102
2021-08-24,36.79,102
2021-08-25,35.6,102
2021-08-26,36.33,102
2021-08-27,34.93,102
2021-08-30,35.27,102
2021-08-31,34.28,102
2021-09-01,36.13,102
2021-09-02,31.35,102
2021-09-03,36.91,102
2021-09-06,,102
2021-09-07,32.91,102
2021-09-08,31.91,102
2021-09-09,33.87,102
2021-09-10,33.54,102
2021-09-13,32.74,102
2021-09-14,33.63,102
2021-09-15,32.38,102
2021-09-16,33.16,102
2021-09-17,32.32,102
2021-09-20,35.23,102
2021-09-21,34.45,102
2021-09-22,32.43,102
2021-09-23,32.3,102
2021-09-24,34.01,102
2021-09-27,34.98,102
2021-09-28,36.1,102
2021-09-29,35.26,102
2021-09-30,38.68,102
2021-10-01,37.38,102
2021-10-04,37.27,102
2021-10-05,37.2,102
2021-10-06,41.02,102
2021-10-07,46.15,102
2021-10-08,38.0,102
2021-10-11,38.51,102
2021-10-12,37.1,102
2021-10-13,36.05,102
2021-10-14,36.98,102
2021-10-15,34.05,102
2021-10-18,35.02,102
2021-10-19,35.14,102
2021-10-20,35.16,102
2021-10-21,36.55,102
2021-10-22,36.87,102
2021-10-25,36.07,102
2021-10-26,35.5,102
2021-10-27,37.63,102
2021-10-28,37.23,102
2021-10-29,37.92,102
2021-11-01,36.74,102
2021-11-02,35.56,102
2021-11-03,39.44,102
2021-11-04,38.56,102
2021-11-05,37.84,102
2021-11-08,37.71,102
2021-11-09,36.33,102
2021-11-10,37.09,102
2021-11-11,36.2,102
2021-11-12,36.1,102
2021-11-15,36.42,102
2021-11-16,34.69,102
2021-11-17,33.75,102
2021-11-18,37.68,102
2021-11-19,37.13,102
2021-11-22,36.61,102
2021-11-23,35.1,102
2021-11-24,34.79,102
2021-11-25,,102
2021-11-26,65.72,102
2021-11-29,63.34,102
2021-11-30,75.23,102
2021-12-01,78.18,102
2021-12-02,57.27,102
2021-12-03,64.55,102
2021-12-06,56.21,102
2021-12-07,48.15,102
2021-12-08,45.22,102
2021-12-09,47.43,102
2021-12-10,46.23,102
2021-12-13,45.88,102
2021-12-14,54.76,102
2021-12-15,56.53,102
2021-12-16,49.97,102
2021-12-17,48.31,102
2021-12-20,60.24,102
2021-12-21,52.31,102
2021-12-22,46.0,102
2021-12-23,43.71,102
2021-12-24,43.71,102
2021-12-27,43.58,102
2021-12-28,41.23,102
2021-12-29,40.24,102
2021-12-30,40.2,102
2021-12-31,42.62,102
2022-01-03,37.57,102
2022-01-04,39.48,102
2022-01-05,44.49,102
2022-01-06,36.86,102
2022-01-07,37.0,102
2022-01-10,37.65,102
2022-01-11,34.31,102
2022-01-12,34.39,102
2022-01-13,37.11,102
2022-01-14,41.18,102
2022-01-17,,102
2022-01-18,42.28,102
2022-01-19,42.75,102
2022-01-20,41.15,102
2022-01-21,42.57,102
2022-01-24,47.84,102
2022-01-25,47.63,102
2022-01-26,45.67,102
2022-01-27,46.9,102
2022-01-28,47.74,102
2022-01-31,42.35,102
2022-02-01,41.31,102
2022-02-02,41.86,102
2022-02-03,42.15,102
2022-02-04,43.88,102
2022-02-07,43.34,102
2022-02-08,41.26,102
2022-02-09,39.4,102
2022-02-10,43.81,102
2022-02-11,47.44,102
2022-02-14,48.83,102
2022-02-15,48.36,102
2022-02-16,49.38,102
2022-02-17,53.14,102
2022-02-18,52.01,102
2022-02-21,,102
2022-02-22,50.11,102
2022-02-23,50.51,102
2022-02-24,49.04,102
2022-02-25,49.5,102
2022-02-28,52.5,102
2022-03-01,61.43,102
2022-03-02,61.53,102
2022-03-03,64.37,102
2022-03-04,77.29,102
2022-03-07,78.91,102
2022-03-08,75.82,102
2022-03-09,73.25,102
2022-03-10,67.34,102
2022-03-11,68.01,102
2022-03-14,65.42,102
2022-03-15,63.62,102
2022-03-16,59.35,102
2022-03-17,67.78,102
2022-03-18,69.09,102
2022-03-21,70.78,102
2022-03-22,69.56,102
2022-03-23,72.59,102
2022-03-24,69.14,102
2022-03-25,68.91,102
2022-03-28,67.04,102
2022-03-29,62.46,102
2022-03-30,61.04,102
2022-03-31,57.66,102
2022-04-01,54.36,102
2022-04-04,54.31,102
2022-04-05,53.8,102
2022-04-06,53.15,102
2022-04-07,54.23,102
2022-04-08,53.14,102
2022-04-11,54.81,102
2022-04-12,55.25,102
2022-04-13,51.2,102
2022-04-14,53.38,102
2022-04-15,,102
2022-04-18,50.94,102
2022-04-19,50.34,102
2022-04-20,52.23,102
2022-04-21,49.86,102
2022-04-22,51.15,102
2022-04-25,52.86,102
2022-04-26,53.57,102
2022-04-27,53.38,102
2022-04-28,51.94,102
2022-04-29,53.1,102
2022-05-02,54.15,102
2022-05-03,54.04,102
2022-05-04,53.15,102
2022-05-05,54.72,102
2022-05-06,54.82,102
2022-05-09,57.9,102
2022-05-10,56.06,102
2022-05-11,53.43,102
2022-05-12,52.71,102
2022-05-13,51.22,102
2022-05-16,51.89,102
2022-05-17,50.34,102
2022-05-18,51.89,102
2022-05-19,51.16,102
2022-05-20,50.72,102
2022-05-23,48.63,102
2022-05-24,47.04,102
2022-05-25,46.76,102
2022-05-26,46.03,102
2022-05-27,47.92,102
2022-05-30,,102
2022-05-31,49.82,102
2022-06-01,49.14,102
2022-06-02,47.8,102
2022-06-03,46.23,102
2022-06-06,47.9,102
2022-06-07,45.88,102
2022-06-08,44.37,102
2022-06-09,43.87,102
2022-06-10,42.92,102
2022-06-13,47.56,102
2022-06-14,46.63,102
2022-06-15,47.04,102
2022-06-16,46.27,102
2022-06-17,49.19,102
2022-06-20,,102
2022-06-21,46.56,102
2022-06-22,48.99,102
2022-06-23,48.58,102
2022-06-24,46.99,102
2022-06-27,46.99,102
2022-06-28,46.59,102
2022-06-29,48.57,102
2022-06-30,48.9,102
2022-07-01,49.4,102
2022-07-04,,102
2022-07-05,52.61,102
2022-07-06,54.67,102
2022-07-07,52.87,102
2022-07-08,52.1,102
2022-07-11,53.1,102
2022-07-12,54.4,102
2022-07-13,51.76,102
2022-07-14,53.03,102
2022-07-15,51.77,102
2022-07-18,49.66,102
2022-07-19,48.77,102
2022-07-20,47.54,102
2022-07-21,51.1,102
2022-07-22,47.84,102
2022-07-25,47.96,102
2022-07-26,47.81,102
2022-07-27,48.99,102
2022-07-28,47.17,102
2022-07-29,46.19,102
2022-08-01,49.97,102
2022-08-02,52.77,102
2022-08-03,50.12,102
2022-08-04,55.14,102
2022-08-05,48.76,102
2022-08-08,46.4,102
2022-08-09,46.23,102
2022-08-10,46.56,102
2022-08-11,45.37,102
2022-08-12,44.0,102
2022-08-15,46.63,102
2022-08-16,50.25,102
2022-08-17,51.55,102
2022-08-18,47.41,102
2022-08-19,50.34,102
2022-08-22,50.64,102
2022-08-23,47.35,102
2022-08-24,48.33,102
2022-08-25,48.78,102
2022-08-26,47.08,102
2022-08-29,47.73,102
2022-08-30,49.74,102
2022-08-31,52.11,102
2022-09-01,53.9,102
2022-09-02,53.9,102
2022-09-05,,102
2022-09-06,50.0,102
2022-09-07,53.32,102
2022-09-08,51.29,102
2022-09-09,48.84,102
2022-09-12,44.15,102
2022-09-13,44.81,102
2022-09-14,45.62,102
2022-09-15,46.63,102
2022-09-16,47.44,102
2022-09-19,46.75,102
2022-09-20,48.23,102
2022-09-21,48.65,102
2022-09-22,47.1,102
2022-09-23,50.82,102
2022-09-26,56.68,102
2022-09-27,55.89,102
2022-09-28,55.02,102
2022-09-29,54.41,102
2022-09-30,55.69,102
2022-10-03,56.24,102
2022-10-04,59.51,102
2022-10-05,54.2,102
2022-10-06,53.39,102
2022-10-07,53.64,102
2022-10-10,51.42,102
2022-10-11,51.92,102
2022-10-12,51.52,102
2022-10-13,50.52,102
2022-10-14,50.3,102
2022-10-17,50.27,102
2022-10-18,49.12,102
2022-10-19,47.78,102
2022-10-20,47.98,102
2022-10-21,47.19,102
2022-10-24,47.78,102
2022-10-25,47.3,102
2022-10-26,48.58,102
2022-10-27,49.02,102
2022-10-28,47.81,102
2022-10-31,47.41,102
2022-11-01,47.04,102
2022-11-02,47.75,102
2022-11-03,46.47,102
2022-11-04,47.5,102
2022-11-07,45.11,102
2022-11-08,45.04,102
2022-11-09,45.38,102
2022-11-10,43.48,102
2022-11-11,42.06,102
2022-11-14,44.42,102
2022-11-15,46.72,102
2022-11-16,45.12,102
2022-11-17,45.34,102
2022-11-18,45.93,102
2022-11-21,47.11,102
2022-11-22,46.3,102
2022-11-23,51.56,102
2022-11-24,,102
2022-11-25,50.16,102
2022-11-28,50.53,102
2022-11-29,47.91,102
2022-11-30,46.15,102
2022-12-01,45.61,102
2022-12-02,45.76,102
2022-12-05,45.41,102
2022-12-06,46.36,102
2022-12-07,47.91,102
2022-12-08,47.17,102
2022-12-09,46.93,102
2022-12-12,44.99,102
2022-12-13,43.37,102
2022-12-14,41.82,102
2022-12-15,43.7,102
2022-12-16,42.29,102
2022-12-19,42.47,102
2022-12-20,41.79,102
2022-12-21,41.18,102
2022-12-22,41.8,102
2022-12-23,41.21,102
2022-12-26,,102
2022-12-27,43.5,102
2022-12-28,43.95,102
2022-12-29,42.6,102
2022-12-30,41.26,102
2023-01-02,,102
2023-01-03,44.14,102
2023-01-04,45.83,102
2023-01-05,43.93,102
2023-01-06,42.94,102
2023-01-09,42.75,102
2023-01-10,41.6,102
2023-01-11,41.19,102
2023-01-12,39.28,102
2023-01-13,38.19,102
2023-01-16,,102
2023-01-17,40.1,102
2023-01-18,39.25,102
2023-01-19,39.02,102
2023-01-20,37.81,102
2023-01-23,37.3,102
2023-01-24,38.26,102
2023-01-25,38.54,102
2023-01-26,38.12,102
2023-01-27,38.6,102
2023-01-30,40.18,102
2023-01-31,38.55,102
2023-02-01,37.99,102
2023-02-02,38.49,102
2023-02-03,39.48,102
2023-02-06,38.92,102
2023-02-07,37.31,102
2023-02-08,37.02,102
2023-02-09,35.75,102
2023-02-10,35.89,102
2023-02-13,37.77,102
2023-02-14,36.67,102
2023-02-15,35.7,102
2023-02-16,35.03,102
2023-02-17,36.04,102
2023-02-20,,102
2023-02-21,37.05,102
2023-02-22,38.36,102
2023-02-23,36.69,102
2023-02-24,37.25,102
2023-02-27,37.55,102
2023-02-28,35.42,102
2023-03-01,36.63,102
2023-03-02,35.61,102
2023-03-03,35.2,102
2023-03-06,33.03,102
2023-03-07,33.76,102
2023-03-08,33.39,102
2023-03-09,34.86,102
2023-03-10,36.76,102
2023-03-13,38.13,102
2023-03-14,47.41,102
2023-03-15,49.78,102
2023-03-16,48.65,102
2023-03-17,51.48,102
2023-03-20,51.14,102
2023-03-21,48.12,102
2023-03-22,46.97,102
2023-03-23,46.9,102
2023-03-24,48.36,102
2023-03-27,45.41,102
2023-03-28,44.31,102
2023-03-29,43.33,102
2023-03-30,42.02,102
2023-03-31,40.34,102
2023-04-03,39.49,102
2023-04-04,39.42,102
2023-04-05,39.14,102
2023-04-06,34.76,102
2023-04-07,,102
2023-04-10,34.31,102
2023-04-11,34.23,102
2023-04-12,33.74,102
2023-04-13,32.78,102
2023-04-14,32.51,102
2023-04-17,32.93,102
2023-04-18,33.69,102
2023-04-19,34.44,102
2023-04-20,36.41,102
2023-04-21,35.17,102
2023-04-24,34.28,102
2023-04-25,36.64,102
2023-04-26,39.25,102
2023-04-27,37.76,102
2023-04-28,35.63,102
2023-05-01,35.94,102
2023-05-02,39.48,102
2023-05-03,43.23,102
2023-05-04,43.75,102
2023-05-05,37.35,102
2023-05-08,35.54,102
2023-05-09,35.13,102
2023-05-10,34.13,102
2023-05-11,35.74,102
2023-05-12,37.32,102
2023-05-15,35.16,102
2023-05-16,35.98,102
2023-05-17,36.44,102
2023-05-18,36.02,102
2023-05-19,35.85,102
2023-05-22,35.52,102
2023-05-23,35.11,102
2023-05-24,35.86,102
2023-05-25,36.74,102
2023-05-26,35.95,102
2023-05-29,,102
2023-05-30,39.68,102
2023-05-31,40.68,102
2023-06-01,40.5,102
2023-06-02,39.6,102
2023-06-05,37.45,102
2023-06-06,36.07,102
2023-06-07,34.13,102
2023-06-08,35.18,102
2023-06-09,33.7,102
2023-06-12,36.35,102
2023-06-13,32.38,102
2023-06-14,33.66,102
2023-06-15,33.07,102
2023-06-16,32.99,102
2023-06-19,,102
2023-06-20,34.75,102
2023-06-21,33.26,102
2023-06-22,34.93,102
2023-06-23,35.36,102
2023-06-26,36.67,102
2023-06-27,39.3,102
2023-06-28,36.86,102
2023-06-29,35.42,102
2023-06-30,33.28,102
2023-07-03,33.88,102
2023-07-04,,102
2023-07-05,33.91,102
2023-07-06,35.13,102
2023-07-07,34.55,102
2023-07-10,38.35,102
2023-07-11,32.43,102
2023-07-12,32.69,102
2023-07-13,30.04,102
2023-07-14,30.0,102
2023-07-17,31.34,102
2023-07-18,30.66,102
2023-07-19,31.06,102
2023-07-20,30.15,102
2023-07-21,29.65,102
2023-07-24,30.11,102
2023-07-25,30.63,102
2023-07-26,29.97,102
2023-07-27,29.12,102
2023-07-28,29.41,102
2023-07-31,28.48,102
2023-08-01,28.35,102
2023-08-02,28.74,102
2023-08-03,28.54,102
2023-08-04,28.06,102
2023-08-07,27.73,102
2023-08-08,27.14,102
2023-08-09,28.56,102
2023-08-10,27.27,102
2023-08-11,28.04,102
2023-08-14,27.55,102
2023-08-15,28.3,102
2023-08-16,28.54,102
2023-08-17,29.3,102
2023-08-18,28.43,102
2023-08-21,28.9,102
2023-08-22,28.56,102
2023-08-23,28.47,102
2023-08-24,28.88,102
2023-08-25,28.81,102
2023-08-28,28.66,102
2023-08-29,27.63,102
2023-08-30,26.63,102
2023-08-31,26.56,102
2023-09-01,27.48,102
2023-09-04,,102
2023-09-05,28.65,102
2023-09-06,28.33,102
2023-09-07,27.59,102
2023-09-08,27.16,102
2023-09-11,24.37,102
2023-09-12,24.23,102
2023-09-13,25.06,102
2023-09-14,26.56,102
2023-09-15,27.16,102
2023-09-18,27.91,102
2023-09-19,30.32,102
2023-09-20,30.38,102
2023-09-21,31.35,102
2023-09-22,30.61,102
2023-09-25,30.96,102
2023-09-26,31.3,102
2023-09-27,32.48,102
2023-09-28,31.62,102
2023-09-29,32.24,102
2023-10-02,32.0,102
2023-10-03,33.25,102
2023-10-04,35.35,102
2023-10-05,36.59,102
2023-10-06,35.68,102
2023-10-09,39.85,102
2023-10-10,39.54,102
2023-10-11,38.94,102
2023-10-12,38.52,102
2023-10-13,44.24,102
2023-10-16,40.7,102
2023-10-17,41.37,102
2023-10-18,44.4,102
2023-10-19,45.7,102
2023-10-20,43.79,102
2023-10-23,41.74,102
2023-10-24,41.08,102
2023-10-25,44.91,102
2023-10-26,43.93,102
2023-10-27,46.64,102
2023-10-30,44.01,102
2023-10-31,41.99,102
2023-11-01,40.52,102
2023-11-02,39.79,102
2023-11-03,38.53,102
2023-11-06,36.31,102
2023-11-07,38.72,102
2023-11-08,40.44,102
2023-11-09,41.23,102
2023-11-10,39.29,102
2023-11-13,39.4,102
2023-11-14,38.29,102
2023-11-15,39.51,102
2023-11-16,42.53,102
2023-11-17,40.43,102
2023-11-20,39.0,102
2023-11-21,38.52,102
2023-11-22,42.76,102
2023-11-23,,102
2023-11-24,43.38,102
2023-11-27,43.9,102
2023-11-28,43.14,102
2023-11-29,42.9,102
2023-11-30,39.4,102
2023-12-01,35.7,102
2023-12-04,38.08,102
2023-12-05,36.36,102
2023-12-06,39.72,102
2023-12-07,37.82,102
2023-12-08,36.24,102
2023-12-11,35.3,102
2023-12-12,36.38,102
2023-12-13,36.6,102
2023-12-14,33.98,102
2023-12-15,35.13,102
2023-12-18,37.09,102
2023-12-19,35.04,102
2023-12-20,34.98,102
2023-12-21,35.44,102
2023-12-22,33.32,102
2023-12-25,,102
2023-12-26,34.53,102
2023-12-27,35.41,102
2023-12-28,36.45,102
2023-12-29,36.22,102
2024-01-01,,102
2024-01-02,39.05,102
2024-01-03,38.22,102
2024-01-04,37.58,102
2024-01-05,36.07,102
2024-01-08,36.79,102
2024-01-09,36.09,102
2024-01-10,36.35,102
2024-01-11,36.78,102
2024-01-12,40.64,102
2024-01-15,,102
2024-01-16,38.34,102
2024-01-17,37.06,102
2024-01-18,35.98,102
2024-01-19,35.79,102
2024-01-22,35.71,102
2024-01-23,34.99,102
2024-01-24,33.99,102
2024-01-25,35.1,102
2024-01-26,34.78,102
2024-01-29,36.32,102
2024-01-30,36.19,102
2024-01-31,37.25,102
2024-02-01,35.38,102
2024-02-02,34.85,102
2024-02-05,34.43,102
2024-02-06,33.01,102
2024-02-07,31.21,102
2024-02-08,31.64,102
2024-02-09,32.44,102
2024-02-12,32.69,102
2024-02-13,32.37,102
2024-02-14,32.76,102
2024-02-15,32.02,102
2024-02-16,30.84,102
2024-02-19,,102
2024-02-20,31.81,102
2024-02-21,31.05,102
2024-02-22,30.55,102
2024-02-23,31.31,102
2024-02-26,31.71,102
2024-02-27,31.35,102
2024-02-28,31.21,102
2024-02-29,31.5,102
2024-03-01,31.08,102
2024-03-04,30.47,102
2024-03-05,30.19,102
2024-03-06,29.57,102
2024-03-07,29.57,102
2024-03-08,29.64,102
2024-03-11,29.11,102
2024-03-12,29.36,102
2024-03-13,29.52,102
2024-03-14,31.51,102
2024-03-15,29.77,102
2024-03-18,29.81,102
2024-03-19,29.22,102
2024-03-20,28.82,102
2024-03-21,27.53,102
2024-03-22,26.92,102
2024-03-25,27.49,102
2024-03-26,27.25,102
2024-03-27,26.6,102
2024-03-28,26.27,102
2024-03-29,,102
2024-04-01,27.65,102
2024-04-02,29.04,102
2024-04-03,29.08,102
2024-04-04,32.17,102
2024-04-05,32.36,102
2024-04-08,30.57,102
2024-04-09,28.96,102
2024-04-10,30.08,102
2024-04-11,31.27,102
2024-04-12,32.19,102
2024-04-15,35.59,102
2024-04-16,33.61,102
2024-04-17,33.0,102
2024-04-18,31.4,102
2024-04-19,31.86,102
2024-04-22,29.7,102
2024-04-23,28.86,102
2024-04-24,29.04,102
2024-04-25,28.34,102
2024-04-26,27.81,102
2024-04-29,27.84,102
2024-04-30,27.87,102
2024-05-01,28.7,102
2024-05-02,27.65,102
2024-05-03,28.09,102
2024-05-06,28.58,102
2024-05-07,27.83,102
2024-05-08,27.91,102
2024-05-09,27.95,102
2024-05-10,27.88,102
2024-05-13,28.04,102
2024-05-14,28.01,102
2024-05-15,28.07,102
2024-05-16,27.08,102
2024-05-17,28.06,102
2024-05-20,27.89,102
2024-05-21,27.38,102
2024-05-22,27.71,102
2024-05-23,28.66,102
2024-05-24,27.56,102
2024-05-27,,102
2024-05-28,27.53,102
2024-05-29,26.77,102
2024-05-30,29.24,102
2024-05-31,30.34,102
2024-06-03,30.84,102
2024-06-04,30.59,102
2024-06-05,29.18,102
2024-06-06,27.71,102
2024-06-07,26.42,102
2024-06-10,25.69,102
2024-06-11,25.54,102
2024-06-12,24.8,102
2024-06-13,24.45,102
2024-06-14,24.71,102
2024-06-17,24.17,102
2024-06-18,23.73,102
2024-06-19,,102
2024-06-20,24.23,102
2024-06-21,24.74,102
2024-06-24,25.42,102
2024-06-25,25.75,102
2024-06-26,26.24,102
2024-06-27,26.28,102
2024-06-28,26.54,102
2024-07-01,27.29,102
2024-07-02,25.82,102
2024-07-03,24.62,102
2024-07-04,,102
2024-07-05,23.78,102
2024-07-08,23.81,102
2024-07-09,24.19,102
2024-07-10,24.01,102
2024-07-11,24.01,102
2024-07-12,24.12,102
2024-07-15,23.83,102
2024-07-16,24.41,102
2024-07-17,25.28,102
2024-07-18,25.68,102
2024-07-19,26.83,102
2024-07-22,26.83,102
2024-07-23,26.74,102
2024-07-24,26.85,102
2024-07-25,26.49,102
2024-07-26,29.77,102
2024-07-29,30.82,102
2024-07-30,31.49,102
2024-07-31,33.69,102
2024-08-01,33.42,102
2024-08-02,38.83,102
2024-08-05,43.63,102
2024-08-06,40.42,102
2024-08-07,38.01,102
2024-08-08,34.77,102
2024-08-09,33.37,102
2024-08-12,35.17,102
2024-08-13,33.26,102
2024-08-14,31.51,102
2024-08-15,31.14,102
2024-08-16,31.0,102
2024-08-19,32.03,102
2024-08-20,32.05,102
2024-08-21,32.7,102
2024-08-22,31.73,102
2024-08-23,30.54,102
2024-08-26,30.99,102
2024-08-27,31.25,102
2024-08-28,32.12,102
2024-08-29,31.81,102
2024-08-30,33.36,102
2024-09-02,,102
2024-09-03,35.36,102
2024-09-04,37.95,102
2024-09-05,36.61,102
2024-09-06,37.58,102
2024-09-09,37.0,102
2024-09-10,40.23,102
2024-09-11,37.76,102
2024-09-12,36.07,102
2024-09-13,35.22,102
2024-09-16,34.71,102
2024-09-17,35.29,102
2024-09-18,36.19,102
2024-09-19,33.72,102
2024-09-20,32.22,102
2024-09-23,34.39,102
2024-09-24,33.76,102
2024-09-25,34.4,102
2024-09-26,39.76,102
2024-09-27,39.62,102
2024-09-30,39.86,102
2024-10-01,42.87,102
2024-10-02,46.52,102
2024-10-03,54.5,102
2024-10-04,46.37,102
2024-10-07,48.32,102
2024-10-08,52.35,102
2024-10-09,48.8,102
2024-10-10,52.36,102
2024-10-11,52.68,102
2024-10-14,51.62,102
2024-10-15,48.64,102
2024-10-16,47.84,102
2024-10-17,46.88,102
2024-10-18,47.22,102
2024-10-21,46.82,102
2024-10-22,47.69,102
2024-10-23,47.78,102
2024-10-24,46.66,102
2024-10-25,48.97,102
2024-10-28,42.96,102
2024-10-29,42.47,102
2024-10-30,41.13,102
2024-10-31,48.79,102
2024-11-01,44.14,102
2024-11-04,45.75,102
2024-11-05,45.61,102
2024-11-06,44.74,102
2024-11-07,42.55,102
2024-11-08,38.76,102
2024-11-11,37.74,102
2024-11-12,34.32,102
2024-11-13,37.12,102
2024-11-14,30.9,102
2024-11-15,35.07,102
2024-11-18,36.89,102
2024-11-19,37.28,102
2024-11-20,36.74,102
2024-11-21,36.91,102
2024-11-22,35.74,102
2024-11-25,37.44,102
2024-11-26,38.74,102
2024-11-27,37.0,102
2024-11-28,,102
2024-11-29,34.95,102
2024-12-02,34.71,102
2024-12-03,34.55,102
2024-12-04,33.82,102
2024-12-05,29.45,102
2024-12-06,30.98,102
2024-12-09,27.7,102
2024-12-10,28.61,102
2024-12-11,31.99,102
2024-12-12,33.64,102
2024-12-13,34.92,102
2024-12-16,33.41,102
2024-12-17,30.71,102
2024-12-18,32.6,102
2024-12-19,30.5,102
2024-12-20,29.27,102
2024-12-23,30.16,102
2024-12-24,30.35,102
2024-12-25,,102
2024-12-26,30.01,102
2024-12-27,30.21,102
2024-12-30,30.77,102
2024-12-31,30.02,102
2025-01-01,,102
2025-01-02,29.54,102
2025-01-03,29.98,102
2025-01-06,29.31,102
2025-01-07,31.09,102
2025-01-08,31.56,102
2025-01-09,,102
2025-01-10,33.91,102
2025-01-13,33.98,102
2025-01-14,33.51,102
2025-01-15,32.93,102
2025-01-16,33.13,102
2025-01-17,33.52,102
2025-01-20,,102
2025-01-21,35.1,102
2025-01-22,34.68,102
2025-01-23,34.18,102
2025-01-24,29.98,102
2025-01-27,35.98,102
2025-01-28,31.95,102
2025-01-29,33.02,102
2025-01-30,31.05,102
2025-01-31,29.96,102
2025-02-03,35.3,102
2025-02-04,33.62,102
2025-02-05,34.25,102
2025-02-06,36.25,102
2025-02-07,29.66,102
2025-02-10,32.09,102
2025-02-11,29.76,102
2025-02-12,31.79,102
2025-02-13,31.47,102
2025-02-14,28.46,102
2025-02-17,,102
2025-02-18,27.47,102
2025-02-19,28.36,102
2025-02-20,29.3,102
2025-02-21,35.79,102
2025-02-24,31.3,102
2025-02-25,32.77,102
2025-02-26,33.36,102
2025-02-27,31.72,102
2025-02-28,29.97,102
2025-03-03,38.52,102
2025-03-04,37.52,102
2025-03-05,35.04,102
2025-03-06,37.14,102
2025-03-07,29.75,102
2025-03-10,34.82,102
2025-03-11,31.83,102
2025-03-12,31.09,102
2025-03-13,32.8,102
2025-03-14,33.52,102
2025-03-17,30.9,102
2025-03-18,36.12,102
2025-03-19,33.87,102
2025-03-20,29.72,102
2025-03-21,28.43,102
2025-03-24,29.67,102
2025-03-25,28.27,102
2025-03-26,28.84,102
2025-03-27,28.49,102
2025-03-28,28.7,102
2025-03-31,30.88,102
2025-04-01,30.57,102
2025-04-02,29.98,102
2025-04-03,35.45,102
2025-04-04,44.72,102
2025-04-07,52.81,102
2025-04-08,55.26,102
2025-04-09,42.9,102
2025-04-10,49.0,102
2025-04-11,50.88,102
2025-04-14,47.76,102
2025-04-15,42.31,102
2025-04-16,43.56,102
2025-04-17,41.27,102
2025-04-18,,102
2025-04-21,41.21,102
2025-04-22,43.15,102
2025-04-23,43.56,102
2025-04-24,44.37,102
2025-04-25,43.53,102
2025-04-28,43.55,102
2025-04-29,48.41,102
2025-04-30,54.46,102
2025-05-01,51.96,102
2025-05-02,50.59,102
2025-05-05,42.58,102
2025-05-06,42.14,102
2025-05-07,42.66,102
2025-05-08,40.6,102
2025-05-09,39.82,102
2025-05-12,37.5,102
2025-05-13,36.71,102
2025-05-14,36.72,102
2025-05-15,37.4,102
2025-05-16,37.88,102
2025-05-19,38.0,102
2025-05-20,34.62,102
2025-05-21,39.12,102
2025-05-22,41.44,102
2025-05-23,43.13,102
2025-05-26,,102
2025-05-27,41.94,102
2025-05-28,40.42,102
2025-05-29,40.26,102
2025-05-30,40.71,102
2025-06-02,38.7,102
2025-06-03,37.75,102
2025-06-04,37.7,102
2025-06-05,34.89,102
2025-06-06,35.72,102
2025-06-09,34.42,102
2025-06-10,35.05,102
2025-06-11,43.24,102
2025-06-12,45.37,102
2025-06-13,57.23,102
2025-06-16,56.6,102
2025-06-17,71.56,102
2025-06-18,66.86,102
2025-06-19,,102
2025-06-20,64.67,102
2025-06-23,53.65,102
